============================= test session starts ==============================
platform darwin -- Python 3.12.13, pytest-9.1.1, pluggy-1.6.0 -- /Users/hyunjun/Documents/MUNI/science-workbench/.venv/bin/python3
cachedir: .pytest_cache
rootdir: /Users/hyunjun/Documents/MUNI/science-workbench
configfile: pyproject.toml
plugins: anyio-4.14.1
collecting ... collected 26 items

tests/artifact_ui/test_artifact_http.py::test_authenticated_artifact_detail_attach_download_and_preview_headers PASSED [  3%]
tests/artifact_ui/test_artifact_http.py::test_library_routes_explicit_version_and_version_level_attachment PASSED [  7%]
tests/artifact_ui/test_artifact_http.py::test_artifact_fixture_exposes_an_empty_dry_lab_state PASSED [ 11%]
tests/artifact_ui/test_artifact_http_security.py::test_host_alias_body_bounds_and_cross_org_download_are_denied PASSED [ 15%]
tests/artifact_ui/test_artifact_http_security.py::test_same_origin_can_create_a_bounded_csv_version PASSED [ 19%]
tests/artifact_ui/test_artifact_http_security.py::test_preview_authority_and_artifact_routes_are_exact PASSED [ 23%]
tests/artifact_ui/test_artifact_http_security.py::test_partial_request_headers_are_closed_during_server_shutdown PASSED [ 26%]
tests/artifact_ui/test_artifact_passive_media.py::test_passive_pdf_metadata_names_do_not_match_action_names_by_prefix PASSED [ 30%]
tests/artifact_ui/test_product_artifacts.py::test_versions_are_immutable_monotonic_and_diffable PASSED [ 34%]
tests/artifact_ui/test_product_artifacts.py::test_version_attachment_preview_and_tenant_boundaries_are_explicit PASSED [ 38%]
tests/artifact_ui/test_product_artifacts.py::test_active_content_cannot_become_a_preview_artifact PASSED [ 42%]
tests/artifact_ui/test_product_artifacts.py::test_malicious_name_or_active_bytes_are_rejected[../unsafe.md-text/csv-value\n1\n] PASSED [ 46%]
tests/artifact_ui/test_product_artifacts.py::test_malicious_name_or_active_bytes_are_rejected[unsafe.md-text/markdown-[click](javascript:alert(1))] PASSED [ 50%]
tests/artifact_ui/test_product_artifacts.py::test_malicious_name_or_active_bytes_are_rejected[data.csv-text/csv-<html><script>alert(1)</script></html>] PASSED [ 53%]
tests/artifact_ui/test_product_artifacts.py::test_malicious_name_or_active_bytes_are_rejected[report.pdf-application/pdf-%PDF-1.4\n1 0 obj<</OpenAction 2 0 R /JavaScript(1)>>endobj\n%%EOF] PASSED [ 57%]
tests/artifact_ui/test_product_artifacts.py::test_malicious_name_or_active_bytes_are_rejected[preview.png-image/png-\x89PNG\r\n\x1a\nIEND] PASSED [ 61%]
tests/artifact_ui/test_product_artifacts.py::test_malicious_name_or_active_bytes_are_rejected[formula.csv-text/csv-name,value\nprobe,=WEBSERVICE("https://example.invalid")\n] PASSED [ 65%]
tests/artifact_ui/test_product_artifacts.py::test_version_content_is_copied_and_explicit_versions_are_selectable PASSED [ 69%]
tests/artifact_ui/test_product_artifacts.py::test_signed_numeric_csv_cells_remain_valid_scientific_values PASSED [ 73%]
tests/artifact_ui/test_product_artifacts.py::test_fixture_pdf_is_well_formed_and_has_no_active_actions PASSED [ 76%]
tests/artifact_ui/test_product_artifacts.py::test_pdf_interactive_structures_cannot_hide_active_content[%PDF-1.4\n1 0 obj\n<< /Type /Catalog /Pages 2 0 R /Open#41ction 5 0 R >>\nendobj\n2 0 obj\n<< /Type /Pages /Kids [3 0 R] /Count 1 >>\nendobj\n3 0 obj\n<< /Type /Page /Parent 2 0 R /MediaBox [0 0 72 72] /Contents 4 0 R >>\nendobj\n4 0 obj\n<< /Length 0 >>\nstream\n\nendstream\nendobj\n5 0 obj\n<< /S /Java#53cript /J#53 (active) >>\nendobj\nxref\n0 6\n0000000000 65535 f \n0000000009 00000 n \n0000000078 00000 n \n0000000135 00000 n \n0000000220 00000 n \n0000000269 00000 n \ntrailer\n<< /Size 6 /Root 1 0 R >>\nstartxref\n322\n%%EOF\n] PASSED [ 80%]
tests/artifact_ui/test_product_artifacts.py::test_pdf_interactive_structures_cannot_hide_active_content[%PDF-1.4\n1 0 obj\n<< /Type /Catalog /Pages 2 0 R >>\nendobj\n2 0 obj\n<< /Type /Pages /Kids [3 0 R] /Count 1 >>\nendobj\n3 0 obj\n<< /Type /Page /Parent 2 0 R /MediaBox [0 0 72 72] /Contents 4 0 R /Annots [5 0 R] >>\nendobj\n4 0 obj\n<< /Length 0 >>\nstream\n\nendstream\nendobj\n5 0 obj\n<< /Subtype /Link /A << /S /URI /URI (https://example.invalid) >> >>\nendobj\nxref\n0 6\n0000000000 65535 f \n0000000009 00000 n \n0000000058 00000 n \n0000000115 00000 n \n0000000216 00000 n \n0000000265 00000 n \ntrailer\n<< /Size 6 /Root 1 0 R >>\nstartxref\n349\n%%EOF\n] PASSED [ 84%]
tests/artifact_ui/test_product_artifacts.py::test_pdf_interactive_structures_cannot_hide_active_content[%PDF-1.4\n1 0 obj\n<< /Type /Catalog /Pages 2 0 R /AcroForm 5 0 R >>\nendobj\n2 0 obj\n<< /Type /Pages /Kids [3 0 R] /Count 1 >>\nendobj\n3 0 obj\n<< /Type /Page /Parent 2 0 R /MediaBox [0 0 72 72] /Contents 4 0 R >>\nendobj\n4 0 obj\n<< /Length 0 >>\nstream\n\nendstream\nendobj\n5 0 obj\n<< /XFA 6 0 R >>\nendobj\n6 0 obj\n<< /Length 24 >>\nstream\napplication/x-javascript\nendstream\nendobj\nxref\n0 7\n0000000000 65535 f \n0000000009 00000 n \n0000000074 00000 n \n0000000131 00000 n \n0000000216 00000 n \n0000000265 00000 n \n0000000297 00000 n \ntrailer\n<< /Size 7 /Root 1 0 R >>\nstartxref\n371\n%%EOF\n] PASSED [ 88%]
tests/artifact_ui/test_ui_contract.py::test_artifact_ui_declares_version_diff_lineage_preview_and_associations PASSED [ 92%]
tests/artifact_ui/test_ui_contract.py::test_artifact_library_version_controls_and_exact_download_allowlist_exist PASSED [ 96%]
tests/artifact_ui/test_ui_contract.py::test_playwright_acceptance_is_pinned_and_runs_from_the_make_target PASSED [100%]

============================== 26 passed in 6.68s ==============================
All checks passed!
0 errors, 0 warnings, 0 notes

Running 30 tests using 1 worker

  ✘   1 [mobile-375] › tests/e2e/artifacts.spec.ts:26:1 › keyboard flow preserves explicit versions and isolated preview (1ms)
  ✘   2 [mobile-375] › tests/e2e/artifacts.spec.ts:120:1 › library opens passive CSV PNG and PDF histories (1ms)
  ✘   3 [mobile-375] › tests/e2e/artifacts.spec.ts:135:1 › latest overlapping Version selection wins (1ms)
  ✘   4 [mobile-375] › tests/e2e/artifacts.spec.ts:175:1 › stale Version failure cannot overwrite the latest success (1ms)
  ✘   5 [mobile-375] › tests/e2e/artifacts.spec.ts:202:1 › Artifact mutation locks Version selection until the side effect settles (0ms)
  ✘   6 [mobile-375] › tests/e2e/artifacts.spec.ts:227:1 › failed Artifact actions restore keyboard focus (1ms)
  ✘   7 [mobile-375] › tests/e2e/artifacts.spec.ts:249:1 › unknown Artifact renders a non-disclosing state without actions (1ms)
  ✘   8 [mobile-375] › tests/e2e/artifacts.spec.ts:260:1 › Artifact library server failure stays distinct from not-found (0ms)
  ✘   9 [mobile-375] › tests/e2e/artifacts.spec.ts:272:1 › Artifact detail network failure has a connection error state (1ms)
  ✘  10 [mobile-375] › tests/e2e/artifacts.spec.ts:282:1 › authentication failure has an explicit session state (0ms)
  ✘  11 [tablet-768] › tests/e2e/artifacts.spec.ts:26:1 › keyboard flow preserves explicit versions and isolated preview (1ms)
  ✘  12 [tablet-768] › tests/e2e/artifacts.spec.ts:120:1 › library opens passive CSV PNG and PDF histories (1ms)
  ✘  13 [tablet-768] › tests/e2e/artifacts.spec.ts:135:1 › latest overlapping Version selection wins (0ms)
  ✘  14 [tablet-768] › tests/e2e/artifacts.spec.ts:175:1 › stale Version failure cannot overwrite the latest success (1ms)
  ✘  15 [tablet-768] › tests/e2e/artifacts.spec.ts:202:1 › Artifact mutation locks Version selection until the side effect settles (1ms)
  ✘  16 [tablet-768] › tests/e2e/artifacts.spec.ts:227:1 › failed Artifact actions restore keyboard focus (0ms)
  ✘  17 [tablet-768] › tests/e2e/artifacts.spec.ts:249:1 › unknown Artifact renders a non-disclosing state without actions (1ms)
  ✘  18 [tablet-768] › tests/e2e/artifacts.spec.ts:260:1 › Artifact library server failure stays distinct from not-found (0ms)
  ✘  19 [tablet-768] › tests/e2e/artifacts.spec.ts:272:1 › Artifact detail network failure has a connection error state (0ms)
  ✘  20 [tablet-768] › tests/e2e/artifacts.spec.ts:282:1 › authentication failure has an explicit session state (0ms)
  ✘  21 [desktop-1280] › tests/e2e/artifacts.spec.ts:26:1 › keyboard flow preserves explicit versions and isolated preview (0ms)
  ✘  22 [desktop-1280] › tests/e2e/artifacts.spec.ts:120:1 › library opens passive CSV PNG and PDF histories (1ms)
  ✘  23 [desktop-1280] › tests/e2e/artifacts.spec.ts:135:1 › latest overlapping Version selection wins (1ms)
  ✘  24 [desktop-1280] › tests/e2e/artifacts.spec.ts:175:1 › stale Version failure cannot overwrite the latest success (1ms)
  ✘  25 [desktop-1280] › tests/e2e/artifacts.spec.ts:202:1 › Artifact mutation locks Version selection until the side effect settles (0ms)
  ✘  26 [desktop-1280] › tests/e2e/artifacts.spec.ts:227:1 › failed Artifact actions restore keyboard focus (1ms)
  ✘  27 [desktop-1280] › tests/e2e/artifacts.spec.ts:249:1 › unknown Artifact renders a non-disclosing state without actions (1ms)
  ✘  28 [desktop-1280] › tests/e2e/artifacts.spec.ts:260:1 › Artifact library server failure stays distinct from not-found (1ms)
  ✘  29 [desktop-1280] › tests/e2e/artifacts.spec.ts:272:1 › Artifact detail network failure has a connection error state (0ms)
  ✘  30 [desktop-1280] › tests/e2e/artifacts.spec.ts:282:1 › authentication failure has an explicit session state (0ms)


  1) [mobile-375] › tests/e2e/artifacts.spec.ts:26:1 › keyboard flow preserves explicit versions and isolated preview 

    Error: browserType.launch: Target page, context or browser has been closed
    Browser logs:

    <launching> /Users/hyunjun/Library/Caches/ms-playwright/chromium_headless_shell-1228/chrome-headless-shell-mac-arm64/chrome-headless-shell --disable-field-trial-config --disable-background-networking --disable-background-timer-throttling --disable-backgrounding-occluded-windows --disable-back-forward-cache --disable-breakpad --disable-client-side-phishing-detection --disable-component-extensions-with-background-pages --disable-component-update --no-default-browser-check --disable-default-apps --disable-dev-shm-usage --disable-edgeupdater --disable-extensions --disable-features=AvoidUnnecessaryBeforeUnloadCheckSync,BoundaryEventDispatchTracksNodeRemoval,DestroyProfileOnBrowserClose,DialMediaRouteProvider,GlobalMediaControls,HttpsUpgrades,LensOverlay,MediaRouter,PaintHolding,ThirdPartyStoragePartitioning,Translate,AutoDeElevate,RenderDocument,OptimizationHints,msForceBrowserSignIn,msEdgeUpdateLaunchServicesPreferredVersion --enable-features=CDPScreenshotNewSurface --allow-pre-commit-input --disable-hang-monitor --disable-ipc-flooding-protection --disable-popup-blocking --disable-prompt-on-repost --disable-renderer-backgrounding --force-color-profile=srgb --metrics-recording-only --no-first-run --password-store=basic --use-mock-keychain --no-service-autorun --export-tagged-pdf --disable-search-engine-choice-screen --unsafely-disable-devtools-self-xss-warnings --edge-skip-compat-layer-relaunch --disable-infobars --disable-search-engine-choice-screen --disable-sync --enable-unsafe-swiftshader --headless --hide-scrollbars --mute-audio --blink-settings=primaryHoverType=2,availableHoverTypes=2,primaryPointerType=4,availablePointerTypes=4 --no-sandbox --user-data-dir=/tmp/playwright_chromiumdev_profile-brHomA --remote-debugging-pipe --no-startup-window
    <launched> pid=97239
    [pid=97239][err] [0714/175122.580210:ERROR:base/power_monitor/thermal_state_observer_mac.mm:140] ThermalStateObserverMac unable to register to power notifications. Result: 9
    [pid=97239][err] [0714/175122.590377:ERROR:net/dns/dns_config_service_posix.cc:138] DNS config watch failed to start.
    [pid=97239][err] [0714/175122.591352:WARNING:net/dns/dns_config_service_posix.cc:197] Failed to read DnsConfig.
    [pid=97239][err] [0714/175122.597139:FATAL:base/apple/mach_port_rendezvous_mac.cc:159] Check failed: kr == KERN_SUCCESS. bootstrap_check_in org.chromium.Chromium.MachPortRendezvousServer.97239: unknown error code (141)
    Call log:
      - <launching> /Users/hyunjun/Library/Caches/ms-playwright/chromium_headless_shell-1228/chrome-headless-shell-mac-arm64/chrome-headless-shell --disable-field-trial-config --disable-background-networking --disable-background-timer-throttling --disable-backgrounding-occluded-windows --disable-back-forward-cache --disable-breakpad --disable-client-side-phishing-detection --disable-component-extensions-with-background-pages --disable-component-update --no-default-browser-check --disable-default-apps --disable-dev-shm-usage --disable-edgeupdater --disable-extensions --disable-features=AvoidUnnecessaryBeforeUnloadCheckSync,BoundaryEventDispatchTracksNodeRemoval,DestroyProfileOnBrowserClose,DialMediaRouteProvider,GlobalMediaControls,HttpsUpgrades,LensOverlay,MediaRouter,PaintHolding,ThirdPartyStoragePartitioning,Translate,AutoDeElevate,RenderDocument,OptimizationHints,msForceBrowserSignIn,msEdgeUpdateLaunchServicesPreferredVersion --enable-features=CDPScreenshotNewSurface --allow-pre-commit-input --disable-hang-monitor --disable-ipc-flooding-protection --disable-popup-blocking --disable-prompt-on-repost --disable-renderer-backgrounding --force-color-profile=srgb --metrics-recording-only --no-first-run --password-store=basic --use-mock-keychain --no-service-autorun --export-tagged-pdf --disable-search-engine-choice-screen --unsafely-disable-devtools-self-xss-warnings --edge-skip-compat-layer-relaunch --disable-infobars --disable-search-engine-choice-screen --disable-sync --enable-unsafe-swiftshader --headless --hide-scrollbars --mute-audio --blink-settings=primaryHoverType=2,availableHoverTypes=2,primaryPointerType=4,availablePointerTypes=4 --no-sandbox --user-data-dir=/tmp/playwright_chromiumdev_profile-brHomA --remote-debugging-pipe --no-startup-window
      - <launched> pid=97239
      - [pid=97239][err] [0714/175122.580210:ERROR:base/power_monitor/thermal_state_observer_mac.mm:140] ThermalStateObserverMac unable to register to power notifications. Result: 9
      - [pid=97239][err] [0714/175122.590377:ERROR:net/dns/dns_config_service_posix.cc:138] DNS config watch failed to start.
      - [pid=97239][err] [0714/175122.591352:WARNING:net/dns/dns_config_service_posix.cc:197] Failed to read DnsConfig.
      - [pid=97239][err] [0714/175122.597139:FATAL:base/apple/mach_port_rendezvous_mac.cc:159] Check failed: kr == KERN_SUCCESS. bootstrap_check_in org.chromium.Chromium.MachPortRendezvousServer.97239: unknown error code (141)
      - [pid=97239] <gracefully close start>
      - [pid=97239] <kill>
      - [pid=97239] <will force kill>
      - [pid=97239] exception while trying to kill process: Error: kill EPERM
      - [pid=97239] <process did exit: exitCode=null, signal=SIGTRAP>
      - [pid=97239] starting temporary directories cleanup
      - [pid=97239] finished temporary directories cleanup
      - [pid=97239] <gracefully close end>


    Error Context: test-results/artifacts-keyboard-flow-pr-cc902-rsions-and-isolated-preview-mobile-375/error-context.md

    attachment #2: trace (application/zip) ─────────────────────────────────────────────────────────
    test-results/artifacts-keyboard-flow-pr-cc902-rsions-and-isolated-preview-mobile-375/trace.zip
    Usage:

        npx playwright show-trace test-results/artifacts-keyboard-flow-pr-cc902-rsions-and-isolated-preview-mobile-375/trace.zip

    ────────────────────────────────────────────────────────────────────────────────────────────────

  2) [mobile-375] › tests/e2e/artifacts.spec.ts:120:1 › library opens passive CSV PNG and PDF histories 

    Error: browserType.launch: Target page, context or browser has been closed
    Browser logs:

    <launching> /Users/hyunjun/Library/Caches/ms-playwright/chromium_headless_shell-1228/chrome-headless-shell-mac-arm64/chrome-headless-shell --disable-field-trial-config --disable-background-networking --disable-background-timer-throttling --disable-backgrounding-occluded-windows --disable-back-forward-cache --disable-breakpad --disable-client-side-phishing-detection --disable-component-extensions-with-background-pages --disable-component-update --no-default-browser-check --disable-default-apps --disable-dev-shm-usage --disable-edgeupdater --disable-extensions --disable-features=AvoidUnnecessaryBeforeUnloadCheckSync,BoundaryEventDispatchTracksNodeRemoval,DestroyProfileOnBrowserClose,DialMediaRouteProvider,GlobalMediaControls,HttpsUpgrades,LensOverlay,MediaRouter,PaintHolding,ThirdPartyStoragePartitioning,Translate,AutoDeElevate,RenderDocument,OptimizationHints,msForceBrowserSignIn,msEdgeUpdateLaunchServicesPreferredVersion --enable-features=CDPScreenshotNewSurface --allow-pre-commit-input --disable-hang-monitor --disable-ipc-flooding-protection --disable-popup-blocking --disable-prompt-on-repost --disable-renderer-backgrounding --force-color-profile=srgb --metrics-recording-only --no-first-run --password-store=basic --use-mock-keychain --no-service-autorun --export-tagged-pdf --disable-search-engine-choice-screen --unsafely-disable-devtools-self-xss-warnings --edge-skip-compat-layer-relaunch --disable-infobars --disable-search-engine-choice-screen --disable-sync --enable-unsafe-swiftshader --headless --hide-scrollbars --mute-audio --blink-settings=primaryHoverType=2,availableHoverTypes=2,primaryPointerType=4,availablePointerTypes=4 --no-sandbox --user-data-dir=/tmp/playwright_chromiumdev_profile-l26BHi --remote-debugging-pipe --no-startup-window
    <launched> pid=97254
    [pid=97254][err] [0714/175122.900623:ERROR:base/power_monitor/thermal_state_observer_mac.mm:140] ThermalStateObserverMac unable to register to power notifications. Result: 9
    [pid=97254][err] [0714/175122.901672:ERROR:net/dns/dns_config_service_posix.cc:138] DNS config watch failed to start.
    [pid=97254][err] [0714/175122.901913:WARNING:net/dns/dns_config_service_posix.cc:197] Failed to read DnsConfig.
    [pid=97254][err] [0714/175122.901987:FATAL:base/apple/mach_port_rendezvous_mac.cc:159] Check failed: kr == KERN_SUCCESS. bootstrap_check_in org.chromium.Chromium.MachPortRendezvousServer.97254: unknown error code (141)
    Call log:
      - <launching> /Users/hyunjun/Library/Caches/ms-playwright/chromium_headless_shell-1228/chrome-headless-shell-mac-arm64/chrome-headless-shell --disable-field-trial-config --disable-background-networking --disable-background-timer-throttling --disable-backgrounding-occluded-windows --disable-back-forward-cache --disable-breakpad --disable-client-side-phishing-detection --disable-component-extensions-with-background-pages --disable-component-update --no-default-browser-check --disable-default-apps --disable-dev-shm-usage --disable-edgeupdater --disable-extensions --disable-features=AvoidUnnecessaryBeforeUnloadCheckSync,BoundaryEventDispatchTracksNodeRemoval,DestroyProfileOnBrowserClose,DialMediaRouteProvider,GlobalMediaControls,HttpsUpgrades,LensOverlay,MediaRouter,PaintHolding,ThirdPartyStoragePartitioning,Translate,AutoDeElevate,RenderDocument,OptimizationHints,msForceBrowserSignIn,msEdgeUpdateLaunchServicesPreferredVersion --enable-features=CDPScreenshotNewSurface --allow-pre-commit-input --disable-hang-monitor --disable-ipc-flooding-protection --disable-popup-blocking --disable-prompt-on-repost --disable-renderer-backgrounding --force-color-profile=srgb --metrics-recording-only --no-first-run --password-store=basic --use-mock-keychain --no-service-autorun --export-tagged-pdf --disable-search-engine-choice-screen --unsafely-disable-devtools-self-xss-warnings --edge-skip-compat-layer-relaunch --disable-infobars --disable-search-engine-choice-screen --disable-sync --enable-unsafe-swiftshader --headless --hide-scrollbars --mute-audio --blink-settings=primaryHoverType=2,availableHoverTypes=2,primaryPointerType=4,availablePointerTypes=4 --no-sandbox --user-data-dir=/tmp/playwright_chromiumdev_profile-l26BHi --remote-debugging-pipe --no-startup-window
      - <launched> pid=97254
      - [pid=97254][err] [0714/175122.900623:ERROR:base/power_monitor/thermal_state_observer_mac.mm:140] ThermalStateObserverMac unable to register to power notifications. Result: 9
      - [pid=97254][err] [0714/175122.901672:ERROR:net/dns/dns_config_service_posix.cc:138] DNS config watch failed to start.
      - [pid=97254][err] [0714/175122.901913:WARNING:net/dns/dns_config_service_posix.cc:197] Failed to read DnsConfig.
      - [pid=97254][err] [0714/175122.901987:FATAL:base/apple/mach_port_rendezvous_mac.cc:159] Check failed: kr == KERN_SUCCESS. bootstrap_check_in org.chromium.Chromium.MachPortRendezvousServer.97254: unknown error code (141)
      - [pid=97254] <gracefully close start>
      - [pid=97254] <kill>
      - [pid=97254] <will force kill>
      - [pid=97254] exception while trying to kill process: Error: kill EPERM
      - [pid=97254] <process did exit: exitCode=null, signal=SIGTRAP>
      - [pid=97254] starting temporary directories cleanup
      - [pid=97254] finished temporary directories cleanup
      - [pid=97254] <gracefully close end>


    Error Context: test-results/artifacts-library-opens-passive-CSV-PNG-and-PDF-histories-mobile-375/error-context.md

    attachment #2: trace (application/zip) ─────────────────────────────────────────────────────────
    test-results/artifacts-library-opens-passive-CSV-PNG-and-PDF-histories-mobile-375/trace.zip
    Usage:

        npx playwright show-trace test-results/artifacts-library-opens-passive-CSV-PNG-and-PDF-histories-mobile-375/trace.zip

    ────────────────────────────────────────────────────────────────────────────────────────────────

  3) [mobile-375] › tests/e2e/artifacts.spec.ts:135:1 › latest overlapping Version selection wins ──

    Error: browserType.launch: Target page, context or browser has been closed
    Browser logs:

    <launching> /Users/hyunjun/Library/Caches/ms-playwright/chromium_headless_shell-1228/chrome-headless-shell-mac-arm64/chrome-headless-shell --disable-field-trial-config --disable-background-networking --disable-background-timer-throttling --disable-backgrounding-occluded-windows --disable-back-forward-cache --disable-breakpad --disable-client-side-phishing-detection --disable-component-extensions-with-background-pages --disable-component-update --no-default-browser-check --disable-default-apps --disable-dev-shm-usage --disable-edgeupdater --disable-extensions --disable-features=AvoidUnnecessaryBeforeUnloadCheckSync,BoundaryEventDispatchTracksNodeRemoval,DestroyProfileOnBrowserClose,DialMediaRouteProvider,GlobalMediaControls,HttpsUpgrades,LensOverlay,MediaRouter,PaintHolding,ThirdPartyStoragePartitioning,Translate,AutoDeElevate,RenderDocument,OptimizationHints,msForceBrowserSignIn,msEdgeUpdateLaunchServicesPreferredVersion --enable-features=CDPScreenshotNewSurface --allow-pre-commit-input --disable-hang-monitor --disable-ipc-flooding-protection --disable-popup-blocking --disable-prompt-on-repost --disable-renderer-backgrounding --force-color-profile=srgb --metrics-recording-only --no-first-run --password-store=basic --use-mock-keychain --no-service-autorun --export-tagged-pdf --disable-search-engine-choice-screen --unsafely-disable-devtools-self-xss-warnings --edge-skip-compat-layer-relaunch --disable-infobars --disable-search-engine-choice-screen --disable-sync --enable-unsafe-swiftshader --headless --hide-scrollbars --mute-audio --blink-settings=primaryHoverType=2,availableHoverTypes=2,primaryPointerType=4,availablePointerTypes=4 --no-sandbox --user-data-dir=/tmp/playwright_chromiumdev_profile-dsioX1 --remote-debugging-pipe --no-startup-window
    <launched> pid=97258
    [pid=97258][err] [0714/175123.205233:ERROR:base/power_monitor/thermal_state_observer_mac.mm:140] ThermalStateObserverMac unable to register to power notifications. Result: 9
    [pid=97258][err] [0714/175123.206437:ERROR:net/dns/dns_config_service_posix.cc:138] DNS config watch failed to start.
    [pid=97258][err] [0714/175123.206745:WARNING:net/dns/dns_config_service_posix.cc:197] Failed to read DnsConfig.
    [pid=97258][err] [0714/175123.206758:FATAL:base/apple/mach_port_rendezvous_mac.cc:159] Check failed: kr == KERN_SUCCESS. bootstrap_check_in org.chromium.Chromium.MachPortRendezvousServer.97258: unknown error code (141)
    Call log:
      - <launching> /Users/hyunjun/Library/Caches/ms-playwright/chromium_headless_shell-1228/chrome-headless-shell-mac-arm64/chrome-headless-shell --disable-field-trial-config --disable-background-networking --disable-background-timer-throttling --disable-backgrounding-occluded-windows --disable-back-forward-cache --disable-breakpad --disable-client-side-phishing-detection --disable-component-extensions-with-background-pages --disable-component-update --no-default-browser-check --disable-default-apps --disable-dev-shm-usage --disable-edgeupdater --disable-extensions --disable-features=AvoidUnnecessaryBeforeUnloadCheckSync,BoundaryEventDispatchTracksNodeRemoval,DestroyProfileOnBrowserClose,DialMediaRouteProvider,GlobalMediaControls,HttpsUpgrades,LensOverlay,MediaRouter,PaintHolding,ThirdPartyStoragePartitioning,Translate,AutoDeElevate,RenderDocument,OptimizationHints,msForceBrowserSignIn,msEdgeUpdateLaunchServicesPreferredVersion --enable-features=CDPScreenshotNewSurface --allow-pre-commit-input --disable-hang-monitor --disable-ipc-flooding-protection --disable-popup-blocking --disable-prompt-on-repost --disable-renderer-backgrounding --force-color-profile=srgb --metrics-recording-only --no-first-run --password-store=basic --use-mock-keychain --no-service-autorun --export-tagged-pdf --disable-search-engine-choice-screen --unsafely-disable-devtools-self-xss-warnings --edge-skip-compat-layer-relaunch --disable-infobars --disable-search-engine-choice-screen --disable-sync --enable-unsafe-swiftshader --headless --hide-scrollbars --mute-audio --blink-settings=primaryHoverType=2,availableHoverTypes=2,primaryPointerType=4,availablePointerTypes=4 --no-sandbox --user-data-dir=/tmp/playwright_chromiumdev_profile-dsioX1 --remote-debugging-pipe --no-startup-window
      - <launched> pid=97258
      - [pid=97258][err] [0714/175123.205233:ERROR:base/power_monitor/thermal_state_observer_mac.mm:140] ThermalStateObserverMac unable to register to power notifications. Result: 9
      - [pid=97258][err] [0714/175123.206437:ERROR:net/dns/dns_config_service_posix.cc:138] DNS config watch failed to start.
      - [pid=97258][err] [0714/175123.206745:WARNING:net/dns/dns_config_service_posix.cc:197] Failed to read DnsConfig.
      - [pid=97258][err] [0714/175123.206758:FATAL:base/apple/mach_port_rendezvous_mac.cc:159] Check failed: kr == KERN_SUCCESS. bootstrap_check_in org.chromium.Chromium.MachPortRendezvousServer.97258: unknown error code (141)
      - [pid=97258] <gracefully close start>
      - [pid=97258] <kill>
      - [pid=97258] <will force kill>
      - [pid=97258] exception while trying to kill process: Error: kill EPERM
      - [pid=97258] <process did exit: exitCode=null, signal=SIGTRAP>
      - [pid=97258] starting temporary directories cleanup
      - [pid=97258] finished temporary directories cleanup
      - [pid=97258] <gracefully close end>


    Error Context: test-results/artifacts-latest-overlapping-Version-selection-wins-mobile-375/error-context.md

    attachment #2: trace (application/zip) ─────────────────────────────────────────────────────────
    test-results/artifacts-latest-overlapping-Version-selection-wins-mobile-375/trace.zip
    Usage:

        npx playwright show-trace test-results/artifacts-latest-overlapping-Version-selection-wins-mobile-375/trace.zip

    ────────────────────────────────────────────────────────────────────────────────────────────────

  4) [mobile-375] › tests/e2e/artifacts.spec.ts:175:1 › stale Version failure cannot overwrite the latest success 

    Error: browserType.launch: Target page, context or browser has been closed
    Browser logs:

    <launching> /Users/hyunjun/Library/Caches/ms-playwright/chromium_headless_shell-1228/chrome-headless-shell-mac-arm64/chrome-headless-shell --disable-field-trial-config --disable-background-networking --disable-background-timer-throttling --disable-backgrounding-occluded-windows --disable-back-forward-cache --disable-breakpad --disable-client-side-phishing-detection --disable-component-extensions-with-background-pages --disable-component-update --no-default-browser-check --disable-default-apps --disable-dev-shm-usage --disable-edgeupdater --disable-extensions --disable-features=AvoidUnnecessaryBeforeUnloadCheckSync,BoundaryEventDispatchTracksNodeRemoval,DestroyProfileOnBrowserClose,DialMediaRouteProvider,GlobalMediaControls,HttpsUpgrades,LensOverlay,MediaRouter,PaintHolding,ThirdPartyStoragePartitioning,Translate,AutoDeElevate,RenderDocument,OptimizationHints,msForceBrowserSignIn,msEdgeUpdateLaunchServicesPreferredVersion --enable-features=CDPScreenshotNewSurface --allow-pre-commit-input --disable-hang-monitor --disable-ipc-flooding-protection --disable-popup-blocking --disable-prompt-on-repost --disable-renderer-backgrounding --force-color-profile=srgb --metrics-recording-only --no-first-run --password-store=basic --use-mock-keychain --no-service-autorun --export-tagged-pdf --disable-search-engine-choice-screen --unsafely-disable-devtools-self-xss-warnings --edge-skip-compat-layer-relaunch --disable-infobars --disable-search-engine-choice-screen --disable-sync --enable-unsafe-swiftshader --headless --hide-scrollbars --mute-audio --blink-settings=primaryHoverType=2,availableHoverTypes=2,primaryPointerType=4,availablePointerTypes=4 --no-sandbox --user-data-dir=/tmp/playwright_chromiumdev_profile-66fJDr --remote-debugging-pipe --no-startup-window
    <launched> pid=97268
    [pid=97268][err] [0714/175123.509818:ERROR:base/power_monitor/thermal_state_observer_mac.mm:140] ThermalStateObserverMac unable to register to power notifications. Result: 9
    [pid=97268][err] [0714/175123.511012:ERROR:net/dns/dns_config_service_posix.cc:138] DNS config watch failed to start.
    [pid=97268][err] [0714/175123.511263:WARNING:net/dns/dns_config_service_posix.cc:197] Failed to read DnsConfig.
    [pid=97268][err] [0714/175123.511336:FATAL:base/apple/mach_port_rendezvous_mac.cc:159] Check failed: kr == KERN_SUCCESS. bootstrap_check_in org.chromium.Chromium.MachPortRendezvousServer.97268: unknown error code (141)
    Call log:
      - <launching> /Users/hyunjun/Library/Caches/ms-playwright/chromium_headless_shell-1228/chrome-headless-shell-mac-arm64/chrome-headless-shell --disable-field-trial-config --disable-background-networking --disable-background-timer-throttling --disable-backgrounding-occluded-windows --disable-back-forward-cache --disable-breakpad --disable-client-side-phishing-detection --disable-component-extensions-with-background-pages --disable-component-update --no-default-browser-check --disable-default-apps --disable-dev-shm-usage --disable-edgeupdater --disable-extensions --disable-features=AvoidUnnecessaryBeforeUnloadCheckSync,BoundaryEventDispatchTracksNodeRemoval,DestroyProfileOnBrowserClose,DialMediaRouteProvider,GlobalMediaControls,HttpsUpgrades,LensOverlay,MediaRouter,PaintHolding,ThirdPartyStoragePartitioning,Translate,AutoDeElevate,RenderDocument,OptimizationHints,msForceBrowserSignIn,msEdgeUpdateLaunchServicesPreferredVersion --enable-features=CDPScreenshotNewSurface --allow-pre-commit-input --disable-hang-monitor --disable-ipc-flooding-protection --disable-popup-blocking --disable-prompt-on-repost --disable-renderer-backgrounding --force-color-profile=srgb --metrics-recording-only --no-first-run --password-store=basic --use-mock-keychain --no-service-autorun --export-tagged-pdf --disable-search-engine-choice-screen --unsafely-disable-devtools-self-xss-warnings --edge-skip-compat-layer-relaunch --disable-infobars --disable-search-engine-choice-screen --disable-sync --enable-unsafe-swiftshader --headless --hide-scrollbars --mute-audio --blink-settings=primaryHoverType=2,availableHoverTypes=2,primaryPointerType=4,availablePointerTypes=4 --no-sandbox --user-data-dir=/tmp/playwright_chromiumdev_profile-66fJDr --remote-debugging-pipe --no-startup-window
      - <launched> pid=97268
      - [pid=97268][err] [0714/175123.509818:ERROR:base/power_monitor/thermal_state_observer_mac.mm:140] ThermalStateObserverMac unable to register to power notifications. Result: 9
      - [pid=97268][err] [0714/175123.511012:ERROR:net/dns/dns_config_service_posix.cc:138] DNS config watch failed to start.
      - [pid=97268][err] [0714/175123.511263:WARNING:net/dns/dns_config_service_posix.cc:197] Failed to read DnsConfig.
      - [pid=97268][err] [0714/175123.511336:FATAL:base/apple/mach_port_rendezvous_mac.cc:159] Check failed: kr == KERN_SUCCESS. bootstrap_check_in org.chromium.Chromium.MachPortRendezvousServer.97268: unknown error code (141)
      - [pid=97268] <gracefully close start>
      - [pid=97268] <kill>
      - [pid=97268] <will force kill>
      - [pid=97268] exception while trying to kill process: Error: kill EPERM
      - [pid=97268] <process did exit: exitCode=null, signal=SIGTRAP>
      - [pid=97268] starting temporary directories cleanup
      - [pid=97268] finished temporary directories cleanup
      - [pid=97268] <gracefully close end>


    Error Context: test-results/artifacts-stale-Version-fa-c3b1d-verwrite-the-latest-success-mobile-375/error-context.md

    attachment #2: trace (application/zip) ─────────────────────────────────────────────────────────
    test-results/artifacts-stale-Version-fa-c3b1d-verwrite-the-latest-success-mobile-375/trace.zip
    Usage:

        npx playwright show-trace test-results/artifacts-stale-Version-fa-c3b1d-verwrite-the-latest-success-mobile-375/trace.zip

    ────────────────────────────────────────────────────────────────────────────────────────────────

  5) [mobile-375] › tests/e2e/artifacts.spec.ts:202:1 › Artifact mutation locks Version selection until the side effect settles 

    Error: browserType.launch: Target page, context or browser has been closed
    Browser logs:

    <launching> /Users/hyunjun/Library/Caches/ms-playwright/chromium_headless_shell-1228/chrome-headless-shell-mac-arm64/chrome-headless-shell --disable-field-trial-config --disable-background-networking --disable-background-timer-throttling --disable-backgrounding-occluded-windows --disable-back-forward-cache --disable-breakpad --disable-client-side-phishing-detection --disable-component-extensions-with-background-pages --disable-component-update --no-default-browser-check --disable-default-apps --disable-dev-shm-usage --disable-edgeupdater --disable-extensions --disable-features=AvoidUnnecessaryBeforeUnloadCheckSync,BoundaryEventDispatchTracksNodeRemoval,DestroyProfileOnBrowserClose,DialMediaRouteProvider,GlobalMediaControls,HttpsUpgrades,LensOverlay,MediaRouter,PaintHolding,ThirdPartyStoragePartitioning,Translate,AutoDeElevate,RenderDocument,OptimizationHints,msForceBrowserSignIn,msEdgeUpdateLaunchServicesPreferredVersion --enable-features=CDPScreenshotNewSurface --allow-pre-commit-input --disable-hang-monitor --disable-ipc-flooding-protection --disable-popup-blocking --disable-prompt-on-repost --disable-renderer-backgrounding --force-color-profile=srgb --metrics-recording-only --no-first-run --password-store=basic --use-mock-keychain --no-service-autorun --export-tagged-pdf --disable-search-engine-choice-screen --unsafely-disable-devtools-self-xss-warnings --edge-skip-compat-layer-relaunch --disable-infobars --disable-search-engine-choice-screen --disable-sync --enable-unsafe-swiftshader --headless --hide-scrollbars --mute-audio --blink-settings=primaryHoverType=2,availableHoverTypes=2,primaryPointerType=4,availablePointerTypes=4 --no-sandbox --user-data-dir=/tmp/playwright_chromiumdev_profile-o5rzfG --remote-debugging-pipe --no-startup-window
    <launched> pid=97289
    [pid=97289][err] [0714/175123.819359:ERROR:base/power_monitor/thermal_state_observer_mac.mm:140] ThermalStateObserverMac unable to register to power notifications. Result: 9
    [pid=97289][err] [0714/175123.820402:ERROR:net/dns/dns_config_service_posix.cc:138] DNS config watch failed to start.
    [pid=97289][err] [0714/175123.820773:FATAL:base/apple/mach_port_rendezvous_mac.cc:159] Check failed: kr == KERN_SUCCESS. bootstrap_check_in org.chromium.Chromium.MachPortRendezvousServer.97289: unknown error code (141)
    [pid=97289][err] [0714/175123.820786:WARNING:net/dns/dns_config_service_posix.cc:197] Failed to read DnsConfig.
    Call log:
      - <launching> /Users/hyunjun/Library/Caches/ms-playwright/chromium_headless_shell-1228/chrome-headless-shell-mac-arm64/chrome-headless-shell --disable-field-trial-config --disable-background-networking --disable-background-timer-throttling --disable-backgrounding-occluded-windows --disable-back-forward-cache --disable-breakpad --disable-client-side-phishing-detection --disable-component-extensions-with-background-pages --disable-component-update --no-default-browser-check --disable-default-apps --disable-dev-shm-usage --disable-edgeupdater --disable-extensions --disable-features=AvoidUnnecessaryBeforeUnloadCheckSync,BoundaryEventDispatchTracksNodeRemoval,DestroyProfileOnBrowserClose,DialMediaRouteProvider,GlobalMediaControls,HttpsUpgrades,LensOverlay,MediaRouter,PaintHolding,ThirdPartyStoragePartitioning,Translate,AutoDeElevate,RenderDocument,OptimizationHints,msForceBrowserSignIn,msEdgeUpdateLaunchServicesPreferredVersion --enable-features=CDPScreenshotNewSurface --allow-pre-commit-input --disable-hang-monitor --disable-ipc-flooding-protection --disable-popup-blocking --disable-prompt-on-repost --disable-renderer-backgrounding --force-color-profile=srgb --metrics-recording-only --no-first-run --password-store=basic --use-mock-keychain --no-service-autorun --export-tagged-pdf --disable-search-engine-choice-screen --unsafely-disable-devtools-self-xss-warnings --edge-skip-compat-layer-relaunch --disable-infobars --disable-search-engine-choice-screen --disable-sync --enable-unsafe-swiftshader --headless --hide-scrollbars --mute-audio --blink-settings=primaryHoverType=2,availableHoverTypes=2,primaryPointerType=4,availablePointerTypes=4 --no-sandbox --user-data-dir=/tmp/playwright_chromiumdev_profile-o5rzfG --remote-debugging-pipe --no-startup-window
      - <launched> pid=97289
      - [pid=97289][err] [0714/175123.819359:ERROR:base/power_monitor/thermal_state_observer_mac.mm:140] ThermalStateObserverMac unable to register to power notifications. Result: 9
      - [pid=97289][err] [0714/175123.820402:ERROR:net/dns/dns_config_service_posix.cc:138] DNS config watch failed to start.
      - [pid=97289][err] [0714/175123.820773:FATAL:base/apple/mach_port_rendezvous_mac.cc:159] Check failed: kr == KERN_SUCCESS. bootstrap_check_in org.chromium.Chromium.MachPortRendezvousServer.97289: unknown error code (141)
      - [pid=97289][err] [0714/175123.820786:WARNING:net/dns/dns_config_service_posix.cc:197] Failed to read DnsConfig.
      - [pid=97289] <gracefully close start>
      - [pid=97289] <kill>
      - [pid=97289] <will force kill>
      - [pid=97289] exception while trying to kill process: Error: kill EPERM
      - [pid=97289] <process did exit: exitCode=null, signal=SIGTRAP>
      - [pid=97289] starting temporary directories cleanup
      - [pid=97289] finished temporary directories cleanup
      - [pid=97289] <gracefully close end>


    Error Context: test-results/artifacts-Artifact-mutatio-869d6-til-the-side-effect-settles-mobile-375/error-context.md

    attachment #2: trace (application/zip) ─────────────────────────────────────────────────────────
    test-results/artifacts-Artifact-mutatio-869d6-til-the-side-effect-settles-mobile-375/trace.zip
    Usage:

        npx playwright show-trace test-results/artifacts-Artifact-mutatio-869d6-til-the-side-effect-settles-mobile-375/trace.zip

    ────────────────────────────────────────────────────────────────────────────────────────────────

  6) [mobile-375] › tests/e2e/artifacts.spec.ts:227:1 › failed Artifact actions restore keyboard focus 

    Error: browserType.launch: Target page, context or browser has been closed
    Browser logs:

    <launching> /Users/hyunjun/Library/Caches/ms-playwright/chromium_headless_shell-1228/chrome-headless-shell-mac-arm64/chrome-headless-shell --disable-field-trial-config --disable-background-networking --disable-background-timer-throttling --disable-backgrounding-occluded-windows --disable-back-forward-cache --disable-breakpad --disable-client-side-phishing-detection --disable-component-extensions-with-background-pages --disable-component-update --no-default-browser-check --disable-default-apps --disable-dev-shm-usage --disable-edgeupdater --disable-extensions --disable-features=AvoidUnnecessaryBeforeUnloadCheckSync,BoundaryEventDispatchTracksNodeRemoval,DestroyProfileOnBrowserClose,DialMediaRouteProvider,GlobalMediaControls,HttpsUpgrades,LensOverlay,MediaRouter,PaintHolding,ThirdPartyStoragePartitioning,Translate,AutoDeElevate,RenderDocument,OptimizationHints,msForceBrowserSignIn,msEdgeUpdateLaunchServicesPreferredVersion --enable-features=CDPScreenshotNewSurface --allow-pre-commit-input --disable-hang-monitor --disable-ipc-flooding-protection --disable-popup-blocking --disable-prompt-on-repost --disable-renderer-backgrounding --force-color-profile=srgb --metrics-recording-only --no-first-run --password-store=basic --use-mock-keychain --no-service-autorun --export-tagged-pdf --disable-search-engine-choice-screen --unsafely-disable-devtools-self-xss-warnings --edge-skip-compat-layer-relaunch --disable-infobars --disable-search-engine-choice-screen --disable-sync --enable-unsafe-swiftshader --headless --hide-scrollbars --mute-audio --blink-settings=primaryHoverType=2,availableHoverTypes=2,primaryPointerType=4,availablePointerTypes=4 --no-sandbox --user-data-dir=/tmp/playwright_chromiumdev_profile-vlwqMs --remote-debugging-pipe --no-startup-window
    <launched> pid=97302
    [pid=97302][err] [0714/175124.130728:ERROR:base/power_monitor/thermal_state_observer_mac.mm:140] ThermalStateObserverMac unable to register to power notifications. Result: 9
    [pid=97302][err] [0714/175124.131747:ERROR:net/dns/dns_config_service_posix.cc:138] DNS config watch failed to start.
    [pid=97302][err] [0714/175124.132060:FATAL:base/apple/mach_port_rendezvous_mac.cc:159] Check failed: kr == KERN_SUCCESS. bootstrap_check_in org.chromium.Chromium.MachPortRendezvousServer.97302: unknown error code (141)
    Call log:
      - <launching> /Users/hyunjun/Library/Caches/ms-playwright/chromium_headless_shell-1228/chrome-headless-shell-mac-arm64/chrome-headless-shell --disable-field-trial-config --disable-background-networking --disable-background-timer-throttling --disable-backgrounding-occluded-windows --disable-back-forward-cache --disable-breakpad --disable-client-side-phishing-detection --disable-component-extensions-with-background-pages --disable-component-update --no-default-browser-check --disable-default-apps --disable-dev-shm-usage --disable-edgeupdater --disable-extensions --disable-features=AvoidUnnecessaryBeforeUnloadCheckSync,BoundaryEventDispatchTracksNodeRemoval,DestroyProfileOnBrowserClose,DialMediaRouteProvider,GlobalMediaControls,HttpsUpgrades,LensOverlay,MediaRouter,PaintHolding,ThirdPartyStoragePartitioning,Translate,AutoDeElevate,RenderDocument,OptimizationHints,msForceBrowserSignIn,msEdgeUpdateLaunchServicesPreferredVersion --enable-features=CDPScreenshotNewSurface --allow-pre-commit-input --disable-hang-monitor --disable-ipc-flooding-protection --disable-popup-blocking --disable-prompt-on-repost --disable-renderer-backgrounding --force-color-profile=srgb --metrics-recording-only --no-first-run --password-store=basic --use-mock-keychain --no-service-autorun --export-tagged-pdf --disable-search-engine-choice-screen --unsafely-disable-devtools-self-xss-warnings --edge-skip-compat-layer-relaunch --disable-infobars --disable-search-engine-choice-screen --disable-sync --enable-unsafe-swiftshader --headless --hide-scrollbars --mute-audio --blink-settings=primaryHoverType=2,availableHoverTypes=2,primaryPointerType=4,availablePointerTypes=4 --no-sandbox --user-data-dir=/tmp/playwright_chromiumdev_profile-vlwqMs --remote-debugging-pipe --no-startup-window
      - <launched> pid=97302
      - [pid=97302][err] [0714/175124.130728:ERROR:base/power_monitor/thermal_state_observer_mac.mm:140] ThermalStateObserverMac unable to register to power notifications. Result: 9
      - [pid=97302][err] [0714/175124.131747:ERROR:net/dns/dns_config_service_posix.cc:138] DNS config watch failed to start.
      - [pid=97302][err] [0714/175124.132060:FATAL:base/apple/mach_port_rendezvous_mac.cc:159] Check failed: kr == KERN_SUCCESS. bootstrap_check_in org.chromium.Chromium.MachPortRendezvousServer.97302: unknown error code (141)
      - [pid=97302] <gracefully close start>
      - [pid=97302] <kill>
      - [pid=97302] <will force kill>
      - [pid=97302] exception while trying to kill process: Error: kill EPERM
      - [pid=97302] <process did exit: exitCode=null, signal=SIGTRAP>
      - [pid=97302] starting temporary directories cleanup
      - [pid=97302] finished temporary directories cleanup
      - [pid=97302] <gracefully close end>


    Error Context: test-results/artifacts-failed-Artifact-actions-restore-keyboard-focus-mobile-375/error-context.md

    attachment #2: trace (application/zip) ─────────────────────────────────────────────────────────
    test-results/artifacts-failed-Artifact-actions-restore-keyboard-focus-mobile-375/trace.zip
    Usage:

        npx playwright show-trace test-results/artifacts-failed-Artifact-actions-restore-keyboard-focus-mobile-375/trace.zip

    ────────────────────────────────────────────────────────────────────────────────────────────────

  7) [mobile-375] › tests/e2e/artifacts.spec.ts:249:1 › unknown Artifact renders a non-disclosing state without actions 

    Error: browserType.launch: Target page, context or browser has been closed
    Browser logs:

    <launching> /Users/hyunjun/Library/Caches/ms-playwright/chromium_headless_shell-1228/chrome-headless-shell-mac-arm64/chrome-headless-shell --disable-field-trial-config --disable-background-networking --disable-background-timer-throttling --disable-backgrounding-occluded-windows --disable-back-forward-cache --disable-breakpad --disable-client-side-phishing-detection --disable-component-extensions-with-background-pages --disable-component-update --no-default-browser-check --disable-default-apps --disable-dev-shm-usage --disable-edgeupdater --disable-extensions --disable-features=AvoidUnnecessaryBeforeUnloadCheckSync,BoundaryEventDispatchTracksNodeRemoval,DestroyProfileOnBrowserClose,DialMediaRouteProvider,GlobalMediaControls,HttpsUpgrades,LensOverlay,MediaRouter,PaintHolding,ThirdPartyStoragePartitioning,Translate,AutoDeElevate,RenderDocument,OptimizationHints,msForceBrowserSignIn,msEdgeUpdateLaunchServicesPreferredVersion --enable-features=CDPScreenshotNewSurface --allow-pre-commit-input --disable-hang-monitor --disable-ipc-flooding-protection --disable-popup-blocking --disable-prompt-on-repost --disable-renderer-backgrounding --force-color-profile=srgb --metrics-recording-only --no-first-run --password-store=basic --use-mock-keychain --no-service-autorun --export-tagged-pdf --disable-search-engine-choice-screen --unsafely-disable-devtools-self-xss-warnings --edge-skip-compat-layer-relaunch --disable-infobars --disable-search-engine-choice-screen --disable-sync --enable-unsafe-swiftshader --headless --hide-scrollbars --mute-audio --blink-settings=primaryHoverType=2,availableHoverTypes=2,primaryPointerType=4,availablePointerTypes=4 --no-sandbox --user-data-dir=/tmp/playwright_chromiumdev_profile-l7TQCk --remote-debugging-pipe --no-startup-window
    <launched> pid=97321
    [pid=97321][err] [0714/175124.434966:ERROR:base/power_monitor/thermal_state_observer_mac.mm:140] ThermalStateObserverMac unable to register to power notifications. Result: 9
    [pid=97321][err] [0714/175124.436101:ERROR:net/dns/dns_config_service_posix.cc:138] DNS config watch failed to start.
    [pid=97321][err] [0714/175124.436450:WARNING:net/dns/dns_config_service_posix.cc:197] Failed to read DnsConfig.
    [pid=97321][err] [0714/175124.436457:FATAL:base/apple/mach_port_rendezvous_mac.cc:159] Check failed: kr == KERN_SUCCESS. bootstrap_check_in org.chromium.Chromium.MachPortRendezvousServer.97321: unknown error code (141)
    Call log:
      - <launching> /Users/hyunjun/Library/Caches/ms-playwright/chromium_headless_shell-1228/chrome-headless-shell-mac-arm64/chrome-headless-shell --disable-field-trial-config --disable-background-networking --disable-background-timer-throttling --disable-backgrounding-occluded-windows --disable-back-forward-cache --disable-breakpad --disable-client-side-phishing-detection --disable-component-extensions-with-background-pages --disable-component-update --no-default-browser-check --disable-default-apps --disable-dev-shm-usage --disable-edgeupdater --disable-extensions --disable-features=AvoidUnnecessaryBeforeUnloadCheckSync,BoundaryEventDispatchTracksNodeRemoval,DestroyProfileOnBrowserClose,DialMediaRouteProvider,GlobalMediaControls,HttpsUpgrades,LensOverlay,MediaRouter,PaintHolding,ThirdPartyStoragePartitioning,Translate,AutoDeElevate,RenderDocument,OptimizationHints,msForceBrowserSignIn,msEdgeUpdateLaunchServicesPreferredVersion --enable-features=CDPScreenshotNewSurface --allow-pre-commit-input --disable-hang-monitor --disable-ipc-flooding-protection --disable-popup-blocking --disable-prompt-on-repost --disable-renderer-backgrounding --force-color-profile=srgb --metrics-recording-only --no-first-run --password-store=basic --use-mock-keychain --no-service-autorun --export-tagged-pdf --disable-search-engine-choice-screen --unsafely-disable-devtools-self-xss-warnings --edge-skip-compat-layer-relaunch --disable-infobars --disable-search-engine-choice-screen --disable-sync --enable-unsafe-swiftshader --headless --hide-scrollbars --mute-audio --blink-settings=primaryHoverType=2,availableHoverTypes=2,primaryPointerType=4,availablePointerTypes=4 --no-sandbox --user-data-dir=/tmp/playwright_chromiumdev_profile-l7TQCk --remote-debugging-pipe --no-startup-window
      - <launched> pid=97321
      - [pid=97321][err] [0714/175124.434966:ERROR:base/power_monitor/thermal_state_observer_mac.mm:140] ThermalStateObserverMac unable to register to power notifications. Result: 9
      - [pid=97321][err] [0714/175124.436101:ERROR:net/dns/dns_config_service_posix.cc:138] DNS config watch failed to start.
      - [pid=97321][err] [0714/175124.436450:WARNING:net/dns/dns_config_service_posix.cc:197] Failed to read DnsConfig.
      - [pid=97321][err] [0714/175124.436457:FATAL:base/apple/mach_port_rendezvous_mac.cc:159] Check failed: kr == KERN_SUCCESS. bootstrap_check_in org.chromium.Chromium.MachPortRendezvousServer.97321: unknown error code (141)
      - [pid=97321] <gracefully close start>
      - [pid=97321] <kill>
      - [pid=97321] <will force kill>
      - [pid=97321] exception while trying to kill process: Error: kill EPERM
      - [pid=97321] <process did exit: exitCode=null, signal=SIGTRAP>
      - [pid=97321] starting temporary directories cleanup
      - [pid=97321] finished temporary directories cleanup
      - [pid=97321] <gracefully close end>


    Error Context: test-results/artifacts-unknown-Artifact-18bb7-osing-state-without-actions-mobile-375/error-context.md

    attachment #2: trace (application/zip) ─────────────────────────────────────────────────────────
    test-results/artifacts-unknown-Artifact-18bb7-osing-state-without-actions-mobile-375/trace.zip
    Usage:

        npx playwright show-trace test-results/artifacts-unknown-Artifact-18bb7-osing-state-without-actions-mobile-375/trace.zip

    ────────────────────────────────────────────────────────────────────────────────────────────────

  8) [mobile-375] › tests/e2e/artifacts.spec.ts:260:1 › Artifact library server failure stays distinct from not-found 

    Error: browserType.launch: Target page, context or browser has been closed
    Browser logs:

    <launching> /Users/hyunjun/Library/Caches/ms-playwright/chromium_headless_shell-1228/chrome-headless-shell-mac-arm64/chrome-headless-shell --disable-field-trial-config --disable-background-networking --disable-background-timer-throttling --disable-backgrounding-occluded-windows --disable-back-forward-cache --disable-breakpad --disable-client-side-phishing-detection --disable-component-extensions-with-background-pages --disable-component-update --no-default-browser-check --disable-default-apps --disable-dev-shm-usage --disable-edgeupdater --disable-extensions --disable-features=AvoidUnnecessaryBeforeUnloadCheckSync,BoundaryEventDispatchTracksNodeRemoval,DestroyProfileOnBrowserClose,DialMediaRouteProvider,GlobalMediaControls,HttpsUpgrades,LensOverlay,MediaRouter,PaintHolding,ThirdPartyStoragePartitioning,Translate,AutoDeElevate,RenderDocument,OptimizationHints,msForceBrowserSignIn,msEdgeUpdateLaunchServicesPreferredVersion --enable-features=CDPScreenshotNewSurface --allow-pre-commit-input --disable-hang-monitor --disable-ipc-flooding-protection --disable-popup-blocking --disable-prompt-on-repost --disable-renderer-backgrounding --force-color-profile=srgb --metrics-recording-only --no-first-run --password-store=basic --use-mock-keychain --no-service-autorun --export-tagged-pdf --disable-search-engine-choice-screen --unsafely-disable-devtools-self-xss-warnings --edge-skip-compat-layer-relaunch --disable-infobars --disable-search-engine-choice-screen --disable-sync --enable-unsafe-swiftshader --headless --hide-scrollbars --mute-audio --blink-settings=primaryHoverType=2,availableHoverTypes=2,primaryPointerType=4,availablePointerTypes=4 --no-sandbox --user-data-dir=/tmp/playwright_chromiumdev_profile-8dkytS --remote-debugging-pipe --no-startup-window
    <launched> pid=97333
    [pid=97333][err] [0714/175124.752789:ERROR:base/power_monitor/thermal_state_observer_mac.mm:140] ThermalStateObserverMac unable to register to power notifications. Result: 9
    [pid=97333][err] [0714/175124.753823:ERROR:net/dns/dns_config_service_posix.cc:138] DNS config watch failed to start.
    [pid=97333][err] [0714/175124.754085:WARNING:net/dns/dns_config_service_posix.cc:197] Failed to read DnsConfig.
    [pid=97333][err] [0714/175124.754194:FATAL:base/apple/mach_port_rendezvous_mac.cc:159] Check failed: kr == KERN_SUCCESS. bootstrap_check_in org.chromium.Chromium.MachPortRendezvousServer.97333: unknown error code (141)
    Call log:
      - <launching> /Users/hyunjun/Library/Caches/ms-playwright/chromium_headless_shell-1228/chrome-headless-shell-mac-arm64/chrome-headless-shell --disable-field-trial-config --disable-background-networking --disable-background-timer-throttling --disable-backgrounding-occluded-windows --disable-back-forward-cache --disable-breakpad --disable-client-side-phishing-detection --disable-component-extensions-with-background-pages --disable-component-update --no-default-browser-check --disable-default-apps --disable-dev-shm-usage --disable-edgeupdater --disable-extensions --disable-features=AvoidUnnecessaryBeforeUnloadCheckSync,BoundaryEventDispatchTracksNodeRemoval,DestroyProfileOnBrowserClose,DialMediaRouteProvider,GlobalMediaControls,HttpsUpgrades,LensOverlay,MediaRouter,PaintHolding,ThirdPartyStoragePartitioning,Translate,AutoDeElevate,RenderDocument,OptimizationHints,msForceBrowserSignIn,msEdgeUpdateLaunchServicesPreferredVersion --enable-features=CDPScreenshotNewSurface --allow-pre-commit-input --disable-hang-monitor --disable-ipc-flooding-protection --disable-popup-blocking --disable-prompt-on-repost --disable-renderer-backgrounding --force-color-profile=srgb --metrics-recording-only --no-first-run --password-store=basic --use-mock-keychain --no-service-autorun --export-tagged-pdf --disable-search-engine-choice-screen --unsafely-disable-devtools-self-xss-warnings --edge-skip-compat-layer-relaunch --disable-infobars --disable-search-engine-choice-screen --disable-sync --enable-unsafe-swiftshader --headless --hide-scrollbars --mute-audio --blink-settings=primaryHoverType=2,availableHoverTypes=2,primaryPointerType=4,availablePointerTypes=4 --no-sandbox --user-data-dir=/tmp/playwright_chromiumdev_profile-8dkytS --remote-debugging-pipe --no-startup-window
      - <launched> pid=97333
      - [pid=97333][err] [0714/175124.752789:ERROR:base/power_monitor/thermal_state_observer_mac.mm:140] ThermalStateObserverMac unable to register to power notifications. Result: 9
      - [pid=97333][err] [0714/175124.753823:ERROR:net/dns/dns_config_service_posix.cc:138] DNS config watch failed to start.
      - [pid=97333][err] [0714/175124.754085:WARNING:net/dns/dns_config_service_posix.cc:197] Failed to read DnsConfig.
      - [pid=97333][err] [0714/175124.754194:FATAL:base/apple/mach_port_rendezvous_mac.cc:159] Check failed: kr == KERN_SUCCESS. bootstrap_check_in org.chromium.Chromium.MachPortRendezvousServer.97333: unknown error code (141)
      - [pid=97333] <gracefully close start>
      - [pid=97333] <kill>
      - [pid=97333] <will force kill>
      - [pid=97333] exception while trying to kill process: Error: kill EPERM
      - [pid=97333] <process did exit: exitCode=null, signal=SIGTRAP>
      - [pid=97333] starting temporary directories cleanup
      - [pid=97333] finished temporary directories cleanup
      - [pid=97333] <gracefully close end>


    Error Context: test-results/artifacts-Artifact-library-f28b9-ays-distinct-from-not-found-mobile-375/error-context.md

    attachment #2: trace (application/zip) ─────────────────────────────────────────────────────────
    test-results/artifacts-Artifact-library-f28b9-ays-distinct-from-not-found-mobile-375/trace.zip
    Usage:

        npx playwright show-trace test-results/artifacts-Artifact-library-f28b9-ays-distinct-from-not-found-mobile-375/trace.zip

    ────────────────────────────────────────────────────────────────────────────────────────────────

  9) [mobile-375] › tests/e2e/artifacts.spec.ts:272:1 › Artifact detail network failure has a connection error state 

    Error: browserType.launch: Target page, context or browser has been closed
    Browser logs:

    <launching> /Users/hyunjun/Library/Caches/ms-playwright/chromium_headless_shell-1228/chrome-headless-shell-mac-arm64/chrome-headless-shell --disable-field-trial-config --disable-background-networking --disable-background-timer-throttling --disable-backgrounding-occluded-windows --disable-back-forward-cache --disable-breakpad --disable-client-side-phishing-detection --disable-component-extensions-with-background-pages --disable-component-update --no-default-browser-check --disable-default-apps --disable-dev-shm-usage --disable-edgeupdater --disable-extensions --disable-features=AvoidUnnecessaryBeforeUnloadCheckSync,BoundaryEventDispatchTracksNodeRemoval,DestroyProfileOnBrowserClose,DialMediaRouteProvider,GlobalMediaControls,HttpsUpgrades,LensOverlay,MediaRouter,PaintHolding,ThirdPartyStoragePartitioning,Translate,AutoDeElevate,RenderDocument,OptimizationHints,msForceBrowserSignIn,msEdgeUpdateLaunchServicesPreferredVersion --enable-features=CDPScreenshotNewSurface --allow-pre-commit-input --disable-hang-monitor --disable-ipc-flooding-protection --disable-popup-blocking --disable-prompt-on-repost --disable-renderer-backgrounding --force-color-profile=srgb --metrics-recording-only --no-first-run --password-store=basic --use-mock-keychain --no-service-autorun --export-tagged-pdf --disable-search-engine-choice-screen --unsafely-disable-devtools-self-xss-warnings --edge-skip-compat-layer-relaunch --disable-infobars --disable-search-engine-choice-screen --disable-sync --enable-unsafe-swiftshader --headless --hide-scrollbars --mute-audio --blink-settings=primaryHoverType=2,availableHoverTypes=2,primaryPointerType=4,availablePointerTypes=4 --no-sandbox --user-data-dir=/tmp/playwright_chromiumdev_profile-rLUS81 --remote-debugging-pipe --no-startup-window
    <launched> pid=97335
    [pid=97335][err] [0714/175125.063237:ERROR:base/power_monitor/thermal_state_observer_mac.mm:140] ThermalStateObserverMac unable to register to power notifications. Result: 9
    [pid=97335][err] [0714/175125.064323:ERROR:net/dns/dns_config_service_posix.cc:138] DNS config watch failed to start.
    [pid=97335][err] [0714/175125.064545:FATAL:base/apple/mach_port_rendezvous_mac.cc:159] Check failed: kr == KERN_SUCCESS. bootstrap_check_in org.chromium.Chromium.MachPortRendezvousServer.97335: unknown error code (141)
    [pid=97335][err] [0714/175125.064770:WARNING:net/dns/dns_config_service_posix.cc:197] Failed to read DnsConfig.
    Call log:
      - <launching> /Users/hyunjun/Library/Caches/ms-playwright/chromium_headless_shell-1228/chrome-headless-shell-mac-arm64/chrome-headless-shell --disable-field-trial-config --disable-background-networking --disable-background-timer-throttling --disable-backgrounding-occluded-windows --disable-back-forward-cache --disable-breakpad --disable-client-side-phishing-detection --disable-component-extensions-with-background-pages --disable-component-update --no-default-browser-check --disable-default-apps --disable-dev-shm-usage --disable-edgeupdater --disable-extensions --disable-features=AvoidUnnecessaryBeforeUnloadCheckSync,BoundaryEventDispatchTracksNodeRemoval,DestroyProfileOnBrowserClose,DialMediaRouteProvider,GlobalMediaControls,HttpsUpgrades,LensOverlay,MediaRouter,PaintHolding,ThirdPartyStoragePartitioning,Translate,AutoDeElevate,RenderDocument,OptimizationHints,msForceBrowserSignIn,msEdgeUpdateLaunchServicesPreferredVersion --enable-features=CDPScreenshotNewSurface --allow-pre-commit-input --disable-hang-monitor --disable-ipc-flooding-protection --disable-popup-blocking --disable-prompt-on-repost --disable-renderer-backgrounding --force-color-profile=srgb --metrics-recording-only --no-first-run --password-store=basic --use-mock-keychain --no-service-autorun --export-tagged-pdf --disable-search-engine-choice-screen --unsafely-disable-devtools-self-xss-warnings --edge-skip-compat-layer-relaunch --disable-infobars --disable-search-engine-choice-screen --disable-sync --enable-unsafe-swiftshader --headless --hide-scrollbars --mute-audio --blink-settings=primaryHoverType=2,availableHoverTypes=2,primaryPointerType=4,availablePointerTypes=4 --no-sandbox --user-data-dir=/tmp/playwright_chromiumdev_profile-rLUS81 --remote-debugging-pipe --no-startup-window
      - <launched> pid=97335
      - [pid=97335][err] [0714/175125.063237:ERROR:base/power_monitor/thermal_state_observer_mac.mm:140] ThermalStateObserverMac unable to register to power notifications. Result: 9
      - [pid=97335][err] [0714/175125.064323:ERROR:net/dns/dns_config_service_posix.cc:138] DNS config watch failed to start.
      - [pid=97335][err] [0714/175125.064545:FATAL:base/apple/mach_port_rendezvous_mac.cc:159] Check failed: kr == KERN_SUCCESS. bootstrap_check_in org.chromium.Chromium.MachPortRendezvousServer.97335: unknown error code (141)
      - [pid=97335][err] [0714/175125.064770:WARNING:net/dns/dns_config_service_posix.cc:197] Failed to read DnsConfig.
      - [pid=97335] <gracefully close start>
      - [pid=97335] <kill>
      - [pid=97335] <will force kill>
      - [pid=97335] exception while trying to kill process: Error: kill EPERM
      - [pid=97335] <process did exit: exitCode=null, signal=SIGTRAP>
      - [pid=97335] starting temporary directories cleanup
      - [pid=97335] finished temporary directories cleanup
      - [pid=97335] <gracefully close end>


    Error Context: test-results/artifacts-Artifact-detail--bd9a2-as-a-connection-error-state-mobile-375/error-context.md

    attachment #2: trace (application/zip) ─────────────────────────────────────────────────────────
    test-results/artifacts-Artifact-detail--bd9a2-as-a-connection-error-state-mobile-375/trace.zip
    Usage:

        npx playwright show-trace test-results/artifacts-Artifact-detail--bd9a2-as-a-connection-error-state-mobile-375/trace.zip

    ────────────────────────────────────────────────────────────────────────────────────────────────

  10) [mobile-375] › tests/e2e/artifacts.spec.ts:282:1 › authentication failure has an explicit session state 

    Error: browserType.launch: Target page, context or browser has been closed
    Browser logs:

    <launching> /Users/hyunjun/Library/Caches/ms-playwright/chromium_headless_shell-1228/chrome-headless-shell-mac-arm64/chrome-headless-shell --disable-field-trial-config --disable-background-networking --disable-background-timer-throttling --disable-backgrounding-occluded-windows --disable-back-forward-cache --disable-breakpad --disable-client-side-phishing-detection --disable-component-extensions-with-background-pages --disable-component-update --no-default-browser-check --disable-default-apps --disable-dev-shm-usage --disable-edgeupdater --disable-extensions --disable-features=AvoidUnnecessaryBeforeUnloadCheckSync,BoundaryEventDispatchTracksNodeRemoval,DestroyProfileOnBrowserClose,DialMediaRouteProvider,GlobalMediaControls,HttpsUpgrades,LensOverlay,MediaRouter,PaintHolding,ThirdPartyStoragePartitioning,Translate,AutoDeElevate,RenderDocument,OptimizationHints,msForceBrowserSignIn,msEdgeUpdateLaunchServicesPreferredVersion --enable-features=CDPScreenshotNewSurface --allow-pre-commit-input --disable-hang-monitor --disable-ipc-flooding-protection --disable-popup-blocking --disable-prompt-on-repost --disable-renderer-backgrounding --force-color-profile=srgb --metrics-recording-only --no-first-run --password-store=basic --use-mock-keychain --no-service-autorun --export-tagged-pdf --disable-search-engine-choice-screen --unsafely-disable-devtools-self-xss-warnings --edge-skip-compat-layer-relaunch --disable-infobars --disable-search-engine-choice-screen --disable-sync --enable-unsafe-swiftshader --headless --hide-scrollbars --mute-audio --blink-settings=primaryHoverType=2,availableHoverTypes=2,primaryPointerType=4,availablePointerTypes=4 --no-sandbox --user-data-dir=/tmp/playwright_chromiumdev_profile-1ZgXnS --remote-debugging-pipe --no-startup-window
    <launched> pid=97343
    [pid=97343][err] [0714/175125.369157:ERROR:base/power_monitor/thermal_state_observer_mac.mm:140] ThermalStateObserverMac unable to register to power notifications. Result: 9
    [pid=97343][err] [0714/175125.370385:ERROR:net/dns/dns_config_service_posix.cc:138] DNS config watch failed to start.
    [pid=97343][err] [0714/175125.370741:WARNING:net/dns/dns_config_service_posix.cc:197] Failed to read DnsConfig.
    [pid=97343][err] [0714/175125.370742:FATAL:base/apple/mach_port_rendezvous_mac.cc:159] Check failed: kr == KERN_SUCCESS. bootstrap_check_in org.chromium.Chromium.MachPortRendezvousServer.97343: unknown error code (141)
    Call log:
      - <launching> /Users/hyunjun/Library/Caches/ms-playwright/chromium_headless_shell-1228/chrome-headless-shell-mac-arm64/chrome-headless-shell --disable-field-trial-config --disable-background-networking --disable-background-timer-throttling --disable-backgrounding-occluded-windows --disable-back-forward-cache --disable-breakpad --disable-client-side-phishing-detection --disable-component-extensions-with-background-pages --disable-component-update --no-default-browser-check --disable-default-apps --disable-dev-shm-usage --disable-edgeupdater --disable-extensions --disable-features=AvoidUnnecessaryBeforeUnloadCheckSync,BoundaryEventDispatchTracksNodeRemoval,DestroyProfileOnBrowserClose,DialMediaRouteProvider,GlobalMediaControls,HttpsUpgrades,LensOverlay,MediaRouter,PaintHolding,ThirdPartyStoragePartitioning,Translate,AutoDeElevate,RenderDocument,OptimizationHints,msForceBrowserSignIn,msEdgeUpdateLaunchServicesPreferredVersion --enable-features=CDPScreenshotNewSurface --allow-pre-commit-input --disable-hang-monitor --disable-ipc-flooding-protection --disable-popup-blocking --disable-prompt-on-repost --disable-renderer-backgrounding --force-color-profile=srgb --metrics-recording-only --no-first-run --password-store=basic --use-mock-keychain --no-service-autorun --export-tagged-pdf --disable-search-engine-choice-screen --unsafely-disable-devtools-self-xss-warnings --edge-skip-compat-layer-relaunch --disable-infobars --disable-search-engine-choice-screen --disable-sync --enable-unsafe-swiftshader --headless --hide-scrollbars --mute-audio --blink-settings=primaryHoverType=2,availableHoverTypes=2,primaryPointerType=4,availablePointerTypes=4 --no-sandbox --user-data-dir=/tmp/playwright_chromiumdev_profile-1ZgXnS --remote-debugging-pipe --no-startup-window
      - <launched> pid=97343
      - [pid=97343][err] [0714/175125.369157:ERROR:base/power_monitor/thermal_state_observer_mac.mm:140] ThermalStateObserverMac unable to register to power notifications. Result: 9
      - [pid=97343][err] [0714/175125.370385:ERROR:net/dns/dns_config_service_posix.cc:138] DNS config watch failed to start.
      - [pid=97343][err] [0714/175125.370741:WARNING:net/dns/dns_config_service_posix.cc:197] Failed to read DnsConfig.
      - [pid=97343][err] [0714/175125.370742:FATAL:base/apple/mach_port_rendezvous_mac.cc:159] Check failed: kr == KERN_SUCCESS. bootstrap_check_in org.chromium.Chromium.MachPortRendezvousServer.97343: unknown error code (141)
      - [pid=97343] <gracefully close start>
      - [pid=97343] <kill>
      - [pid=97343] <will force kill>
      - [pid=97343] exception while trying to kill process: Error: kill EPERM
      - [pid=97343] <process did exit: exitCode=null, signal=SIGTRAP>
      - [pid=97343] starting temporary directories cleanup
      - [pid=97343] finished temporary directories cleanup
      - [pid=97343] <gracefully close end>


    Error Context: test-results/artifacts-authentication-f-2b3d8-s-an-explicit-session-state-mobile-375/error-context.md

    attachment #2: trace (application/zip) ─────────────────────────────────────────────────────────
    test-results/artifacts-authentication-f-2b3d8-s-an-explicit-session-state-mobile-375/trace.zip
    Usage:

        npx playwright show-trace test-results/artifacts-authentication-f-2b3d8-s-an-explicit-session-state-mobile-375/trace.zip

    ────────────────────────────────────────────────────────────────────────────────────────────────

  11) [tablet-768] › tests/e2e/artifacts.spec.ts:26:1 › keyboard flow preserves explicit versions and isolated preview 

    Error: browserType.launch: Target page, context or browser has been closed
    Browser logs:

    <launching> /Users/hyunjun/Library/Caches/ms-playwright/chromium_headless_shell-1228/chrome-headless-shell-mac-arm64/chrome-headless-shell --disable-field-trial-config --disable-background-networking --disable-background-timer-throttling --disable-backgrounding-occluded-windows --disable-back-forward-cache --disable-breakpad --disable-client-side-phishing-detection --disable-component-extensions-with-background-pages --disable-component-update --no-default-browser-check --disable-default-apps --disable-dev-shm-usage --disable-edgeupdater --disable-extensions --disable-features=AvoidUnnecessaryBeforeUnloadCheckSync,BoundaryEventDispatchTracksNodeRemoval,DestroyProfileOnBrowserClose,DialMediaRouteProvider,GlobalMediaControls,HttpsUpgrades,LensOverlay,MediaRouter,PaintHolding,ThirdPartyStoragePartitioning,Translate,AutoDeElevate,RenderDocument,OptimizationHints,msForceBrowserSignIn,msEdgeUpdateLaunchServicesPreferredVersion --enable-features=CDPScreenshotNewSurface --allow-pre-commit-input --disable-hang-monitor --disable-ipc-flooding-protection --disable-popup-blocking --disable-prompt-on-repost --disable-renderer-backgrounding --force-color-profile=srgb --metrics-recording-only --no-first-run --password-store=basic --use-mock-keychain --no-service-autorun --export-tagged-pdf --disable-search-engine-choice-screen --unsafely-disable-devtools-self-xss-warnings --edge-skip-compat-layer-relaunch --disable-infobars --disable-search-engine-choice-screen --disable-sync --enable-unsafe-swiftshader --headless --hide-scrollbars --mute-audio --blink-settings=primaryHoverType=2,availableHoverTypes=2,primaryPointerType=4,availablePointerTypes=4 --no-sandbox --user-data-dir=/tmp/playwright_chromiumdev_profile-pwbu4s --remote-debugging-pipe --no-startup-window
    <launched> pid=97355
    [pid=97355][err] [0714/175125.677410:ERROR:base/power_monitor/thermal_state_observer_mac.mm:140] ThermalStateObserverMac unable to register to power notifications. Result: 9
    [pid=97355][err] [0714/175125.678884:ERROR:net/dns/dns_config_service_posix.cc:138] DNS config watch failed to start.
    [pid=97355][err] [0714/175125.679166:WARNING:net/dns/dns_config_service_posix.cc:197] Failed to read DnsConfig.
    [pid=97355][err] [0714/175125.679269:FATAL:base/apple/mach_port_rendezvous_mac.cc:159] Check failed: kr == KERN_SUCCESS. bootstrap_check_in org.chromium.Chromium.MachPortRendezvousServer.97355: unknown error code (141)
    Call log:
      - <launching> /Users/hyunjun/Library/Caches/ms-playwright/chromium_headless_shell-1228/chrome-headless-shell-mac-arm64/chrome-headless-shell --disable-field-trial-config --disable-background-networking --disable-background-timer-throttling --disable-backgrounding-occluded-windows --disable-back-forward-cache --disable-breakpad --disable-client-side-phishing-detection --disable-component-extensions-with-background-pages --disable-component-update --no-default-browser-check --disable-default-apps --disable-dev-shm-usage --disable-edgeupdater --disable-extensions --disable-features=AvoidUnnecessaryBeforeUnloadCheckSync,BoundaryEventDispatchTracksNodeRemoval,DestroyProfileOnBrowserClose,DialMediaRouteProvider,GlobalMediaControls,HttpsUpgrades,LensOverlay,MediaRouter,PaintHolding,ThirdPartyStoragePartitioning,Translate,AutoDeElevate,RenderDocument,OptimizationHints,msForceBrowserSignIn,msEdgeUpdateLaunchServicesPreferredVersion --enable-features=CDPScreenshotNewSurface --allow-pre-commit-input --disable-hang-monitor --disable-ipc-flooding-protection --disable-popup-blocking --disable-prompt-on-repost --disable-renderer-backgrounding --force-color-profile=srgb --metrics-recording-only --no-first-run --password-store=basic --use-mock-keychain --no-service-autorun --export-tagged-pdf --disable-search-engine-choice-screen --unsafely-disable-devtools-self-xss-warnings --edge-skip-compat-layer-relaunch --disable-infobars --disable-search-engine-choice-screen --disable-sync --enable-unsafe-swiftshader --headless --hide-scrollbars --mute-audio --blink-settings=primaryHoverType=2,availableHoverTypes=2,primaryPointerType=4,availablePointerTypes=4 --no-sandbox --user-data-dir=/tmp/playwright_chromiumdev_profile-pwbu4s --remote-debugging-pipe --no-startup-window
      - <launched> pid=97355
      - [pid=97355][err] [0714/175125.677410:ERROR:base/power_monitor/thermal_state_observer_mac.mm:140] ThermalStateObserverMac unable to register to power notifications. Result: 9
      - [pid=97355][err] [0714/175125.678884:ERROR:net/dns/dns_config_service_posix.cc:138] DNS config watch failed to start.
      - [pid=97355][err] [0714/175125.679166:WARNING:net/dns/dns_config_service_posix.cc:197] Failed to read DnsConfig.
      - [pid=97355][err] [0714/175125.679269:FATAL:base/apple/mach_port_rendezvous_mac.cc:159] Check failed: kr == KERN_SUCCESS. bootstrap_check_in org.chromium.Chromium.MachPortRendezvousServer.97355: unknown error code (141)
      - [pid=97355] <gracefully close start>
      - [pid=97355] <kill>
      - [pid=97355] <will force kill>
      - [pid=97355] exception while trying to kill process: Error: kill EPERM
      - [pid=97355] <process did exit: exitCode=null, signal=SIGTRAP>
      - [pid=97355] starting temporary directories cleanup
      - [pid=97355] finished temporary directories cleanup
      - [pid=97355] <gracefully close end>


    Error Context: test-results/artifacts-keyboard-flow-pr-cc902-rsions-and-isolated-preview-tablet-768/error-context.md

    attachment #2: trace (application/zip) ─────────────────────────────────────────────────────────
    test-results/artifacts-keyboard-flow-pr-cc902-rsions-and-isolated-preview-tablet-768/trace.zip
    Usage:

        npx playwright show-trace test-results/artifacts-keyboard-flow-pr-cc902-rsions-and-isolated-preview-tablet-768/trace.zip

    ────────────────────────────────────────────────────────────────────────────────────────────────

  12) [tablet-768] › tests/e2e/artifacts.spec.ts:120:1 › library opens passive CSV PNG and PDF histories 

    Error: browserType.launch: Target page, context or browser has been closed
    Browser logs:

    <launching> /Users/hyunjun/Library/Caches/ms-playwright/chromium_headless_shell-1228/chrome-headless-shell-mac-arm64/chrome-headless-shell --disable-field-trial-config --disable-background-networking --disable-background-timer-throttling --disable-backgrounding-occluded-windows --disable-back-forward-cache --disable-breakpad --disable-client-side-phishing-detection --disable-component-extensions-with-background-pages --disable-component-update --no-default-browser-check --disable-default-apps --disable-dev-shm-usage --disable-edgeupdater --disable-extensions --disable-features=AvoidUnnecessaryBeforeUnloadCheckSync,BoundaryEventDispatchTracksNodeRemoval,DestroyProfileOnBrowserClose,DialMediaRouteProvider,GlobalMediaControls,HttpsUpgrades,LensOverlay,MediaRouter,PaintHolding,ThirdPartyStoragePartitioning,Translate,AutoDeElevate,RenderDocument,OptimizationHints,msForceBrowserSignIn,msEdgeUpdateLaunchServicesPreferredVersion --enable-features=CDPScreenshotNewSurface --allow-pre-commit-input --disable-hang-monitor --disable-ipc-flooding-protection --disable-popup-blocking --disable-prompt-on-repost --disable-renderer-backgrounding --force-color-profile=srgb --metrics-recording-only --no-first-run --password-store=basic --use-mock-keychain --no-service-autorun --export-tagged-pdf --disable-search-engine-choice-screen --unsafely-disable-devtools-self-xss-warnings --edge-skip-compat-layer-relaunch --disable-infobars --disable-search-engine-choice-screen --disable-sync --enable-unsafe-swiftshader --headless --hide-scrollbars --mute-audio --blink-settings=primaryHoverType=2,availableHoverTypes=2,primaryPointerType=4,availablePointerTypes=4 --no-sandbox --user-data-dir=/tmp/playwright_chromiumdev_profile-lsjXtw --remote-debugging-pipe --no-startup-window
    <launched> pid=97375
    [pid=97375][err] [0714/175125.982052:ERROR:base/power_monitor/thermal_state_observer_mac.mm:140] ThermalStateObserverMac unable to register to power notifications. Result: 9
    [pid=97375][err] [0714/175125.983190:ERROR:net/dns/dns_config_service_posix.cc:138] DNS config watch failed to start.
    [pid=97375][err] [0714/175125.983512:FATAL:base/apple/mach_port_rendezvous_mac.cc:159] Check failed: kr == KERN_SUCCESS. bootstrap_check_in org.chromium.Chromium.MachPortRendezvousServer.97375: unknown error code (141)
    [pid=97375][err] [0714/175125.983543:WARNING:net/dns/dns_config_service_posix.cc:197] Failed to read DnsConfig.
    Call log:
      - <launching> /Users/hyunjun/Library/Caches/ms-playwright/chromium_headless_shell-1228/chrome-headless-shell-mac-arm64/chrome-headless-shell --disable-field-trial-config --disable-background-networking --disable-background-timer-throttling --disable-backgrounding-occluded-windows --disable-back-forward-cache --disable-breakpad --disable-client-side-phishing-detection --disable-component-extensions-with-background-pages --disable-component-update --no-default-browser-check --disable-default-apps --disable-dev-shm-usage --disable-edgeupdater --disable-extensions --disable-features=AvoidUnnecessaryBeforeUnloadCheckSync,BoundaryEventDispatchTracksNodeRemoval,DestroyProfileOnBrowserClose,DialMediaRouteProvider,GlobalMediaControls,HttpsUpgrades,LensOverlay,MediaRouter,PaintHolding,ThirdPartyStoragePartitioning,Translate,AutoDeElevate,RenderDocument,OptimizationHints,msForceBrowserSignIn,msEdgeUpdateLaunchServicesPreferredVersion --enable-features=CDPScreenshotNewSurface --allow-pre-commit-input --disable-hang-monitor --disable-ipc-flooding-protection --disable-popup-blocking --disable-prompt-on-repost --disable-renderer-backgrounding --force-color-profile=srgb --metrics-recording-only --no-first-run --password-store=basic --use-mock-keychain --no-service-autorun --export-tagged-pdf --disable-search-engine-choice-screen --unsafely-disable-devtools-self-xss-warnings --edge-skip-compat-layer-relaunch --disable-infobars --disable-search-engine-choice-screen --disable-sync --enable-unsafe-swiftshader --headless --hide-scrollbars --mute-audio --blink-settings=primaryHoverType=2,availableHoverTypes=2,primaryPointerType=4,availablePointerTypes=4 --no-sandbox --user-data-dir=/tmp/playwright_chromiumdev_profile-lsjXtw --remote-debugging-pipe --no-startup-window
      - <launched> pid=97375
      - [pid=97375][err] [0714/175125.982052:ERROR:base/power_monitor/thermal_state_observer_mac.mm:140] ThermalStateObserverMac unable to register to power notifications. Result: 9
      - [pid=97375][err] [0714/175125.983190:ERROR:net/dns/dns_config_service_posix.cc:138] DNS config watch failed to start.
      - [pid=97375][err] [0714/175125.983512:FATAL:base/apple/mach_port_rendezvous_mac.cc:159] Check failed: kr == KERN_SUCCESS. bootstrap_check_in org.chromium.Chromium.MachPortRendezvousServer.97375: unknown error code (141)
      - [pid=97375][err] [0714/175125.983543:WARNING:net/dns/dns_config_service_posix.cc:197] Failed to read DnsConfig.
      - [pid=97375] <gracefully close start>
      - [pid=97375] <kill>
      - [pid=97375] <will force kill>
      - [pid=97375] exception while trying to kill process: Error: kill EPERM
      - [pid=97375] <process did exit: exitCode=null, signal=SIGTRAP>
      - [pid=97375] starting temporary directories cleanup
      - [pid=97375] finished temporary directories cleanup
      - [pid=97375] <gracefully close end>


    Error Context: test-results/artifacts-library-opens-passive-CSV-PNG-and-PDF-histories-tablet-768/error-context.md

    attachment #2: trace (application/zip) ─────────────────────────────────────────────────────────
    test-results/artifacts-library-opens-passive-CSV-PNG-and-PDF-histories-tablet-768/trace.zip
    Usage:

        npx playwright show-trace test-results/artifacts-library-opens-passive-CSV-PNG-and-PDF-histories-tablet-768/trace.zip

    ────────────────────────────────────────────────────────────────────────────────────────────────

  13) [tablet-768] › tests/e2e/artifacts.spec.ts:135:1 › latest overlapping Version selection wins ─

    Error: browserType.launch: Target page, context or browser has been closed
    Browser logs:

    <launching> /Users/hyunjun/Library/Caches/ms-playwright/chromium_headless_shell-1228/chrome-headless-shell-mac-arm64/chrome-headless-shell --disable-field-trial-config --disable-background-networking --disable-background-timer-throttling --disable-backgrounding-occluded-windows --disable-back-forward-cache --disable-breakpad --disable-client-side-phishing-detection --disable-component-extensions-with-background-pages --disable-component-update --no-default-browser-check --disable-default-apps --disable-dev-shm-usage --disable-edgeupdater --disable-extensions --disable-features=AvoidUnnecessaryBeforeUnloadCheckSync,BoundaryEventDispatchTracksNodeRemoval,DestroyProfileOnBrowserClose,DialMediaRouteProvider,GlobalMediaControls,HttpsUpgrades,LensOverlay,MediaRouter,PaintHolding,ThirdPartyStoragePartitioning,Translate,AutoDeElevate,RenderDocument,OptimizationHints,msForceBrowserSignIn,msEdgeUpdateLaunchServicesPreferredVersion --enable-features=CDPScreenshotNewSurface --allow-pre-commit-input --disable-hang-monitor --disable-ipc-flooding-protection --disable-popup-blocking --disable-prompt-on-repost --disable-renderer-backgrounding --force-color-profile=srgb --metrics-recording-only --no-first-run --password-store=basic --use-mock-keychain --no-service-autorun --export-tagged-pdf --disable-search-engine-choice-screen --unsafely-disable-devtools-self-xss-warnings --edge-skip-compat-layer-relaunch --disable-infobars --disable-search-engine-choice-screen --disable-sync --enable-unsafe-swiftshader --headless --hide-scrollbars --mute-audio --blink-settings=primaryHoverType=2,availableHoverTypes=2,primaryPointerType=4,availablePointerTypes=4 --no-sandbox --user-data-dir=/tmp/playwright_chromiumdev_profile-LvZxi6 --remote-debugging-pipe --no-startup-window
    <launched> pid=97386
    [pid=97386][err] [0714/175126.295565:ERROR:base/power_monitor/thermal_state_observer_mac.mm:140] ThermalStateObserverMac unable to register to power notifications. Result: 9
    [pid=97386][err] [0714/175126.296940:ERROR:net/dns/dns_config_service_posix.cc:138] DNS config watch failed to start.
    [pid=97386][err] [0714/175126.297273:WARNING:net/dns/dns_config_service_posix.cc:197] Failed to read DnsConfig.
    [pid=97386][err] [0714/175126.297302:FATAL:base/apple/mach_port_rendezvous_mac.cc:159] Check failed: kr == KERN_SUCCESS. bootstrap_check_in org.chromium.Chromium.MachPortRendezvousServer.97386: unknown error code (141)
    Call log:
      - <launching> /Users/hyunjun/Library/Caches/ms-playwright/chromium_headless_shell-1228/chrome-headless-shell-mac-arm64/chrome-headless-shell --disable-field-trial-config --disable-background-networking --disable-background-timer-throttling --disable-backgrounding-occluded-windows --disable-back-forward-cache --disable-breakpad --disable-client-side-phishing-detection --disable-component-extensions-with-background-pages --disable-component-update --no-default-browser-check --disable-default-apps --disable-dev-shm-usage --disable-edgeupdater --disable-extensions --disable-features=AvoidUnnecessaryBeforeUnloadCheckSync,BoundaryEventDispatchTracksNodeRemoval,DestroyProfileOnBrowserClose,DialMediaRouteProvider,GlobalMediaControls,HttpsUpgrades,LensOverlay,MediaRouter,PaintHolding,ThirdPartyStoragePartitioning,Translate,AutoDeElevate,RenderDocument,OptimizationHints,msForceBrowserSignIn,msEdgeUpdateLaunchServicesPreferredVersion --enable-features=CDPScreenshotNewSurface --allow-pre-commit-input --disable-hang-monitor --disable-ipc-flooding-protection --disable-popup-blocking --disable-prompt-on-repost --disable-renderer-backgrounding --force-color-profile=srgb --metrics-recording-only --no-first-run --password-store=basic --use-mock-keychain --no-service-autorun --export-tagged-pdf --disable-search-engine-choice-screen --unsafely-disable-devtools-self-xss-warnings --edge-skip-compat-layer-relaunch --disable-infobars --disable-search-engine-choice-screen --disable-sync --enable-unsafe-swiftshader --headless --hide-scrollbars --mute-audio --blink-settings=primaryHoverType=2,availableHoverTypes=2,primaryPointerType=4,availablePointerTypes=4 --no-sandbox --user-data-dir=/tmp/playwright_chromiumdev_profile-LvZxi6 --remote-debugging-pipe --no-startup-window
      - <launched> pid=97386
      - [pid=97386][err] [0714/175126.295565:ERROR:base/power_monitor/thermal_state_observer_mac.mm:140] ThermalStateObserverMac unable to register to power notifications. Result: 9
      - [pid=97386][err] [0714/175126.296940:ERROR:net/dns/dns_config_service_posix.cc:138] DNS config watch failed to start.
      - [pid=97386][err] [0714/175126.297273:WARNING:net/dns/dns_config_service_posix.cc:197] Failed to read DnsConfig.
      - [pid=97386][err] [0714/175126.297302:FATAL:base/apple/mach_port_rendezvous_mac.cc:159] Check failed: kr == KERN_SUCCESS. bootstrap_check_in org.chromium.Chromium.MachPortRendezvousServer.97386: unknown error code (141)
      - [pid=97386] <gracefully close start>
      - [pid=97386] <kill>
      - [pid=97386] <will force kill>
      - [pid=97386] exception while trying to kill process: Error: kill EPERM
      - [pid=97386] <process did exit: exitCode=null, signal=SIGTRAP>
      - [pid=97386] starting temporary directories cleanup
      - [pid=97386] finished temporary directories cleanup
      - [pid=97386] <gracefully close end>


    Error Context: test-results/artifacts-latest-overlapping-Version-selection-wins-tablet-768/error-context.md

    attachment #2: trace (application/zip) ─────────────────────────────────────────────────────────
    test-results/artifacts-latest-overlapping-Version-selection-wins-tablet-768/trace.zip
    Usage:

        npx playwright show-trace test-results/artifacts-latest-overlapping-Version-selection-wins-tablet-768/trace.zip

    ────────────────────────────────────────────────────────────────────────────────────────────────

  14) [tablet-768] › tests/e2e/artifacts.spec.ts:175:1 › stale Version failure cannot overwrite the latest success 

    Error: browserType.launch: Target page, context or browser has been closed
    Browser logs:

    <launching> /Users/hyunjun/Library/Caches/ms-playwright/chromium_headless_shell-1228/chrome-headless-shell-mac-arm64/chrome-headless-shell --disable-field-trial-config --disable-background-networking --disable-background-timer-throttling --disable-backgrounding-occluded-windows --disable-back-forward-cache --disable-breakpad --disable-client-side-phishing-detection --disable-component-extensions-with-background-pages --disable-component-update --no-default-browser-check --disable-default-apps --disable-dev-shm-usage --disable-edgeupdater --disable-extensions --disable-features=AvoidUnnecessaryBeforeUnloadCheckSync,BoundaryEventDispatchTracksNodeRemoval,DestroyProfileOnBrowserClose,DialMediaRouteProvider,GlobalMediaControls,HttpsUpgrades,LensOverlay,MediaRouter,PaintHolding,ThirdPartyStoragePartitioning,Translate,AutoDeElevate,RenderDocument,OptimizationHints,msForceBrowserSignIn,msEdgeUpdateLaunchServicesPreferredVersion --enable-features=CDPScreenshotNewSurface --allow-pre-commit-input --disable-hang-monitor --disable-ipc-flooding-protection --disable-popup-blocking --disable-prompt-on-repost --disable-renderer-backgrounding --force-color-profile=srgb --metrics-recording-only --no-first-run --password-store=basic --use-mock-keychain --no-service-autorun --export-tagged-pdf --disable-search-engine-choice-screen --unsafely-disable-devtools-self-xss-warnings --edge-skip-compat-layer-relaunch --disable-infobars --disable-search-engine-choice-screen --disable-sync --enable-unsafe-swiftshader --headless --hide-scrollbars --mute-audio --blink-settings=primaryHoverType=2,availableHoverTypes=2,primaryPointerType=4,availablePointerTypes=4 --no-sandbox --user-data-dir=/tmp/playwright_chromiumdev_profile-qKADAO --remote-debugging-pipe --no-startup-window
    <launched> pid=97389
    [pid=97389][err] [0714/175126.602322:ERROR:base/power_monitor/thermal_state_observer_mac.mm:140] ThermalStateObserverMac unable to register to power notifications. Result: 9
    [pid=97389][err] [0714/175126.603503:ERROR:net/dns/dns_config_service_posix.cc:138] DNS config watch failed to start.
    [pid=97389][err] [0714/175126.603739:WARNING:net/dns/dns_config_service_posix.cc:197] Failed to read DnsConfig.
    [pid=97389][err] [0714/175126.603849:FATAL:base/apple/mach_port_rendezvous_mac.cc:159] Check failed: kr == KERN_SUCCESS. bootstrap_check_in org.chromium.Chromium.MachPortRendezvousServer.97389: unknown error code (141)
    Call log:
      - <launching> /Users/hyunjun/Library/Caches/ms-playwright/chromium_headless_shell-1228/chrome-headless-shell-mac-arm64/chrome-headless-shell --disable-field-trial-config --disable-background-networking --disable-background-timer-throttling --disable-backgrounding-occluded-windows --disable-back-forward-cache --disable-breakpad --disable-client-side-phishing-detection --disable-component-extensions-with-background-pages --disable-component-update --no-default-browser-check --disable-default-apps --disable-dev-shm-usage --disable-edgeupdater --disable-extensions --disable-features=AvoidUnnecessaryBeforeUnloadCheckSync,BoundaryEventDispatchTracksNodeRemoval,DestroyProfileOnBrowserClose,DialMediaRouteProvider,GlobalMediaControls,HttpsUpgrades,LensOverlay,MediaRouter,PaintHolding,ThirdPartyStoragePartitioning,Translate,AutoDeElevate,RenderDocument,OptimizationHints,msForceBrowserSignIn,msEdgeUpdateLaunchServicesPreferredVersion --enable-features=CDPScreenshotNewSurface --allow-pre-commit-input --disable-hang-monitor --disable-ipc-flooding-protection --disable-popup-blocking --disable-prompt-on-repost --disable-renderer-backgrounding --force-color-profile=srgb --metrics-recording-only --no-first-run --password-store=basic --use-mock-keychain --no-service-autorun --export-tagged-pdf --disable-search-engine-choice-screen --unsafely-disable-devtools-self-xss-warnings --edge-skip-compat-layer-relaunch --disable-infobars --disable-search-engine-choice-screen --disable-sync --enable-unsafe-swiftshader --headless --hide-scrollbars --mute-audio --blink-settings=primaryHoverType=2,availableHoverTypes=2,primaryPointerType=4,availablePointerTypes=4 --no-sandbox --user-data-dir=/tmp/playwright_chromiumdev_profile-qKADAO --remote-debugging-pipe --no-startup-window
      - <launched> pid=97389
      - [pid=97389][err] [0714/175126.602322:ERROR:base/power_monitor/thermal_state_observer_mac.mm:140] ThermalStateObserverMac unable to register to power notifications. Result: 9
      - [pid=97389][err] [0714/175126.603503:ERROR:net/dns/dns_config_service_posix.cc:138] DNS config watch failed to start.
      - [pid=97389][err] [0714/175126.603739:WARNING:net/dns/dns_config_service_posix.cc:197] Failed to read DnsConfig.
      - [pid=97389][err] [0714/175126.603849:FATAL:base/apple/mach_port_rendezvous_mac.cc:159] Check failed: kr == KERN_SUCCESS. bootstrap_check_in org.chromium.Chromium.MachPortRendezvousServer.97389: unknown error code (141)
      - [pid=97389] <gracefully close start>
      - [pid=97389] <kill>
      - [pid=97389] <will force kill>
      - [pid=97389] exception while trying to kill process: Error: kill EPERM
      - [pid=97389] <process did exit: exitCode=null, signal=SIGTRAP>
      - [pid=97389] starting temporary directories cleanup
      - [pid=97389] finished temporary directories cleanup
      - [pid=97389] <gracefully close end>


    Error Context: test-results/artifacts-stale-Version-fa-c3b1d-verwrite-the-latest-success-tablet-768/error-context.md

    attachment #2: trace (application/zip) ─────────────────────────────────────────────────────────
    test-results/artifacts-stale-Version-fa-c3b1d-verwrite-the-latest-success-tablet-768/trace.zip
    Usage:

        npx playwright show-trace test-results/artifacts-stale-Version-fa-c3b1d-verwrite-the-latest-success-tablet-768/trace.zip

    ────────────────────────────────────────────────────────────────────────────────────────────────

  15) [tablet-768] › tests/e2e/artifacts.spec.ts:202:1 › Artifact mutation locks Version selection until the side effect settles 

    Error: browserType.launch: Target page, context or browser has been closed
    Browser logs:

    <launching> /Users/hyunjun/Library/Caches/ms-playwright/chromium_headless_shell-1228/chrome-headless-shell-mac-arm64/chrome-headless-shell --disable-field-trial-config --disable-background-networking --disable-background-timer-throttling --disable-backgrounding-occluded-windows --disable-back-forward-cache --disable-breakpad --disable-client-side-phishing-detection --disable-component-extensions-with-background-pages --disable-component-update --no-default-browser-check --disable-default-apps --disable-dev-shm-usage --disable-edgeupdater --disable-extensions --disable-features=AvoidUnnecessaryBeforeUnloadCheckSync,BoundaryEventDispatchTracksNodeRemoval,DestroyProfileOnBrowserClose,DialMediaRouteProvider,GlobalMediaControls,HttpsUpgrades,LensOverlay,MediaRouter,PaintHolding,ThirdPartyStoragePartitioning,Translate,AutoDeElevate,RenderDocument,OptimizationHints,msForceBrowserSignIn,msEdgeUpdateLaunchServicesPreferredVersion --enable-features=CDPScreenshotNewSurface --allow-pre-commit-input --disable-hang-monitor --disable-ipc-flooding-protection --disable-popup-blocking --disable-prompt-on-repost --disable-renderer-backgrounding --force-color-profile=srgb --metrics-recording-only --no-first-run --password-store=basic --use-mock-keychain --no-service-autorun --export-tagged-pdf --disable-search-engine-choice-screen --unsafely-disable-devtools-self-xss-warnings --edge-skip-compat-layer-relaunch --disable-infobars --disable-search-engine-choice-screen --disable-sync --enable-unsafe-swiftshader --headless --hide-scrollbars --mute-audio --blink-settings=primaryHoverType=2,availableHoverTypes=2,primaryPointerType=4,availablePointerTypes=4 --no-sandbox --user-data-dir=/tmp/playwright_chromiumdev_profile-ohFZHW --remote-debugging-pipe --no-startup-window
    <launched> pid=97397
    [pid=97397][err] [0714/175126.908350:ERROR:base/power_monitor/thermal_state_observer_mac.mm:140] ThermalStateObserverMac unable to register to power notifications. Result: 9
    [pid=97397][err] [0714/175126.909371:ERROR:net/dns/dns_config_service_posix.cc:138] DNS config watch failed to start.
    [pid=97397][err] [0714/175126.909742:WARNING:net/dns/dns_config_service_posix.cc:197] Failed to read DnsConfig.
    [pid=97397][err] [0714/175126.909744:FATAL:base/apple/mach_port_rendezvous_mac.cc:159] Check failed: kr == KERN_SUCCESS. bootstrap_check_in org.chromium.Chromium.MachPortRendezvousServer.97397: unknown error code (141)
    Call log:
      - <launching> /Users/hyunjun/Library/Caches/ms-playwright/chromium_headless_shell-1228/chrome-headless-shell-mac-arm64/chrome-headless-shell --disable-field-trial-config --disable-background-networking --disable-background-timer-throttling --disable-backgrounding-occluded-windows --disable-back-forward-cache --disable-breakpad --disable-client-side-phishing-detection --disable-component-extensions-with-background-pages --disable-component-update --no-default-browser-check --disable-default-apps --disable-dev-shm-usage --disable-edgeupdater --disable-extensions --disable-features=AvoidUnnecessaryBeforeUnloadCheckSync,BoundaryEventDispatchTracksNodeRemoval,DestroyProfileOnBrowserClose,DialMediaRouteProvider,GlobalMediaControls,HttpsUpgrades,LensOverlay,MediaRouter,PaintHolding,ThirdPartyStoragePartitioning,Translate,AutoDeElevate,RenderDocument,OptimizationHints,msForceBrowserSignIn,msEdgeUpdateLaunchServicesPreferredVersion --enable-features=CDPScreenshotNewSurface --allow-pre-commit-input --disable-hang-monitor --disable-ipc-flooding-protection --disable-popup-blocking --disable-prompt-on-repost --disable-renderer-backgrounding --force-color-profile=srgb --metrics-recording-only --no-first-run --password-store=basic --use-mock-keychain --no-service-autorun --export-tagged-pdf --disable-search-engine-choice-screen --unsafely-disable-devtools-self-xss-warnings --edge-skip-compat-layer-relaunch --disable-infobars --disable-search-engine-choice-screen --disable-sync --enable-unsafe-swiftshader --headless --hide-scrollbars --mute-audio --blink-settings=primaryHoverType=2,availableHoverTypes=2,primaryPointerType=4,availablePointerTypes=4 --no-sandbox --user-data-dir=/tmp/playwright_chromiumdev_profile-ohFZHW --remote-debugging-pipe --no-startup-window
      - <launched> pid=97397
      - [pid=97397][err] [0714/175126.908350:ERROR:base/power_monitor/thermal_state_observer_mac.mm:140] ThermalStateObserverMac unable to register to power notifications. Result: 9
      - [pid=97397][err] [0714/175126.909371:ERROR:net/dns/dns_config_service_posix.cc:138] DNS config watch failed to start.
      - [pid=97397][err] [0714/175126.909742:WARNING:net/dns/dns_config_service_posix.cc:197] Failed to read DnsConfig.
      - [pid=97397][err] [0714/175126.909744:FATAL:base/apple/mach_port_rendezvous_mac.cc:159] Check failed: kr == KERN_SUCCESS. bootstrap_check_in org.chromium.Chromium.MachPortRendezvousServer.97397: unknown error code (141)
      - [pid=97397] <gracefully close start>
      - [pid=97397] <kill>
      - [pid=97397] <will force kill>
      - [pid=97397] exception while trying to kill process: Error: kill EPERM
      - [pid=97397] <process did exit: exitCode=null, signal=SIGTRAP>
      - [pid=97397] starting temporary directories cleanup
      - [pid=97397] finished temporary directories cleanup
      - [pid=97397] <gracefully close end>


    Error Context: test-results/artifacts-Artifact-mutatio-869d6-til-the-side-effect-settles-tablet-768/error-context.md

    attachment #2: trace (application/zip) ─────────────────────────────────────────────────────────
    test-results/artifacts-Artifact-mutatio-869d6-til-the-side-effect-settles-tablet-768/trace.zip
    Usage:

        npx playwright show-trace test-results/artifacts-Artifact-mutatio-869d6-til-the-side-effect-settles-tablet-768/trace.zip

    ────────────────────────────────────────────────────────────────────────────────────────────────

  16) [tablet-768] › tests/e2e/artifacts.spec.ts:227:1 › failed Artifact actions restore keyboard focus 

    Error: browserType.launch: Target page, context or browser has been closed
    Browser logs:

    <launching> /Users/hyunjun/Library/Caches/ms-playwright/chromium_headless_shell-1228/chrome-headless-shell-mac-arm64/chrome-headless-shell --disable-field-trial-config --disable-background-networking --disable-background-timer-throttling --disable-backgrounding-occluded-windows --disable-back-forward-cache --disable-breakpad --disable-client-side-phishing-detection --disable-component-extensions-with-background-pages --disable-component-update --no-default-browser-check --disable-default-apps --disable-dev-shm-usage --disable-edgeupdater --disable-extensions --disable-features=AvoidUnnecessaryBeforeUnloadCheckSync,BoundaryEventDispatchTracksNodeRemoval,DestroyProfileOnBrowserClose,DialMediaRouteProvider,GlobalMediaControls,HttpsUpgrades,LensOverlay,MediaRouter,PaintHolding,ThirdPartyStoragePartitioning,Translate,AutoDeElevate,RenderDocument,OptimizationHints,msForceBrowserSignIn,msEdgeUpdateLaunchServicesPreferredVersion --enable-features=CDPScreenshotNewSurface --allow-pre-commit-input --disable-hang-monitor --disable-ipc-flooding-protection --disable-popup-blocking --disable-prompt-on-repost --disable-renderer-backgrounding --force-color-profile=srgb --metrics-recording-only --no-first-run --password-store=basic --use-mock-keychain --no-service-autorun --export-tagged-pdf --disable-search-engine-choice-screen --unsafely-disable-devtools-self-xss-warnings --edge-skip-compat-layer-relaunch --disable-infobars --disable-search-engine-choice-screen --disable-sync --enable-unsafe-swiftshader --headless --hide-scrollbars --mute-audio --blink-settings=primaryHoverType=2,availableHoverTypes=2,primaryPointerType=4,availablePointerTypes=4 --no-sandbox --user-data-dir=/tmp/playwright_chromiumdev_profile-qtV3Pm --remote-debugging-pipe --no-startup-window
    <launched> pid=97405
    [pid=97405][err] [0714/175127.212109:ERROR:base/power_monitor/thermal_state_observer_mac.mm:140] ThermalStateObserverMac unable to register to power notifications. Result: 9
    [pid=97405][err] [0714/175127.213076:ERROR:net/dns/dns_config_service_posix.cc:138] DNS config watch failed to start.
    [pid=97405][err] [0714/175127.213340:WARNING:net/dns/dns_config_service_posix.cc:197] Failed to read DnsConfig.
    [pid=97405][err] [0714/175127.213422:FATAL:base/apple/mach_port_rendezvous_mac.cc:159] Check failed: kr == KERN_SUCCESS. bootstrap_check_in org.chromium.Chromium.MachPortRendezvousServer.97405: unknown error code (141)
    Call log:
      - <launching> /Users/hyunjun/Library/Caches/ms-playwright/chromium_headless_shell-1228/chrome-headless-shell-mac-arm64/chrome-headless-shell --disable-field-trial-config --disable-background-networking --disable-background-timer-throttling --disable-backgrounding-occluded-windows --disable-back-forward-cache --disable-breakpad --disable-client-side-phishing-detection --disable-component-extensions-with-background-pages --disable-component-update --no-default-browser-check --disable-default-apps --disable-dev-shm-usage --disable-edgeupdater --disable-extensions --disable-features=AvoidUnnecessaryBeforeUnloadCheckSync,BoundaryEventDispatchTracksNodeRemoval,DestroyProfileOnBrowserClose,DialMediaRouteProvider,GlobalMediaControls,HttpsUpgrades,LensOverlay,MediaRouter,PaintHolding,ThirdPartyStoragePartitioning,Translate,AutoDeElevate,RenderDocument,OptimizationHints,msForceBrowserSignIn,msEdgeUpdateLaunchServicesPreferredVersion --enable-features=CDPScreenshotNewSurface --allow-pre-commit-input --disable-hang-monitor --disable-ipc-flooding-protection --disable-popup-blocking --disable-prompt-on-repost --disable-renderer-backgrounding --force-color-profile=srgb --metrics-recording-only --no-first-run --password-store=basic --use-mock-keychain --no-service-autorun --export-tagged-pdf --disable-search-engine-choice-screen --unsafely-disable-devtools-self-xss-warnings --edge-skip-compat-layer-relaunch --disable-infobars --disable-search-engine-choice-screen --disable-sync --enable-unsafe-swiftshader --headless --hide-scrollbars --mute-audio --blink-settings=primaryHoverType=2,availableHoverTypes=2,primaryPointerType=4,availablePointerTypes=4 --no-sandbox --user-data-dir=/tmp/playwright_chromiumdev_profile-qtV3Pm --remote-debugging-pipe --no-startup-window
      - <launched> pid=97405
      - [pid=97405][err] [0714/175127.212109:ERROR:base/power_monitor/thermal_state_observer_mac.mm:140] ThermalStateObserverMac unable to register to power notifications. Result: 9
      - [pid=97405][err] [0714/175127.213076:ERROR:net/dns/dns_config_service_posix.cc:138] DNS config watch failed to start.
      - [pid=97405][err] [0714/175127.213340:WARNING:net/dns/dns_config_service_posix.cc:197] Failed to read DnsConfig.
      - [pid=97405][err] [0714/175127.213422:FATAL:base/apple/mach_port_rendezvous_mac.cc:159] Check failed: kr == KERN_SUCCESS. bootstrap_check_in org.chromium.Chromium.MachPortRendezvousServer.97405: unknown error code (141)
      - [pid=97405] <gracefully close start>
      - [pid=97405] <kill>
      - [pid=97405] <will force kill>
      - [pid=97405] exception while trying to kill process: Error: kill EPERM
      - [pid=97405] <process did exit: exitCode=null, signal=SIGTRAP>
      - [pid=97405] starting temporary directories cleanup
      - [pid=97405] finished temporary directories cleanup
      - [pid=97405] <gracefully close end>


    Error Context: test-results/artifacts-failed-Artifact-actions-restore-keyboard-focus-tablet-768/error-context.md

    attachment #2: trace (application/zip) ─────────────────────────────────────────────────────────
    test-results/artifacts-failed-Artifact-actions-restore-keyboard-focus-tablet-768/trace.zip
    Usage:

        npx playwright show-trace test-results/artifacts-failed-Artifact-actions-restore-keyboard-focus-tablet-768/trace.zip

    ────────────────────────────────────────────────────────────────────────────────────────────────

  17) [tablet-768] › tests/e2e/artifacts.spec.ts:249:1 › unknown Artifact renders a non-disclosing state without actions 

    Error: browserType.launch: Target page, context or browser has been closed
    Browser logs:

    <launching> /Users/hyunjun/Library/Caches/ms-playwright/chromium_headless_shell-1228/chrome-headless-shell-mac-arm64/chrome-headless-shell --disable-field-trial-config --disable-background-networking --disable-background-timer-throttling --disable-backgrounding-occluded-windows --disable-back-forward-cache --disable-breakpad --disable-client-side-phishing-detection --disable-component-extensions-with-background-pages --disable-component-update --no-default-browser-check --disable-default-apps --disable-dev-shm-usage --disable-edgeupdater --disable-extensions --disable-features=AvoidUnnecessaryBeforeUnloadCheckSync,BoundaryEventDispatchTracksNodeRemoval,DestroyProfileOnBrowserClose,DialMediaRouteProvider,GlobalMediaControls,HttpsUpgrades,LensOverlay,MediaRouter,PaintHolding,ThirdPartyStoragePartitioning,Translate,AutoDeElevate,RenderDocument,OptimizationHints,msForceBrowserSignIn,msEdgeUpdateLaunchServicesPreferredVersion --enable-features=CDPScreenshotNewSurface --allow-pre-commit-input --disable-hang-monitor --disable-ipc-flooding-protection --disable-popup-blocking --disable-prompt-on-repost --disable-renderer-backgrounding --force-color-profile=srgb --metrics-recording-only --no-first-run --password-store=basic --use-mock-keychain --no-service-autorun --export-tagged-pdf --disable-search-engine-choice-screen --unsafely-disable-devtools-self-xss-warnings --edge-skip-compat-layer-relaunch --disable-infobars --disable-search-engine-choice-screen --disable-sync --enable-unsafe-swiftshader --headless --hide-scrollbars --mute-audio --blink-settings=primaryHoverType=2,availableHoverTypes=2,primaryPointerType=4,availablePointerTypes=4 --no-sandbox --user-data-dir=/tmp/playwright_chromiumdev_profile-kiVyRk --remote-debugging-pipe --no-startup-window
    <launched> pid=97426
    [pid=97426][err] [0714/175127.527440:ERROR:base/power_monitor/thermal_state_observer_mac.mm:140] ThermalStateObserverMac unable to register to power notifications. Result: 9
    [pid=97426][err] [0714/175127.529187:ERROR:net/dns/dns_config_service_posix.cc:138] DNS config watch failed to start.
    [pid=97426][err] [0714/175127.529439:WARNING:net/dns/dns_config_service_posix.cc:197] Failed to read DnsConfig.
    [pid=97426][err] [0714/175127.529897:FATAL:base/apple/mach_port_rendezvous_mac.cc:159] Check failed: kr == KERN_SUCCESS. bootstrap_check_in org.chromium.Chromium.MachPortRendezvousServer.97426: unknown error code (141)
    Call log:
      - <launching> /Users/hyunjun/Library/Caches/ms-playwright/chromium_headless_shell-1228/chrome-headless-shell-mac-arm64/chrome-headless-shell --disable-field-trial-config --disable-background-networking --disable-background-timer-throttling --disable-backgrounding-occluded-windows --disable-back-forward-cache --disable-breakpad --disable-client-side-phishing-detection --disable-component-extensions-with-background-pages --disable-component-update --no-default-browser-check --disable-default-apps --disable-dev-shm-usage --disable-edgeupdater --disable-extensions --disable-features=AvoidUnnecessaryBeforeUnloadCheckSync,BoundaryEventDispatchTracksNodeRemoval,DestroyProfileOnBrowserClose,DialMediaRouteProvider,GlobalMediaControls,HttpsUpgrades,LensOverlay,MediaRouter,PaintHolding,ThirdPartyStoragePartitioning,Translate,AutoDeElevate,RenderDocument,OptimizationHints,msForceBrowserSignIn,msEdgeUpdateLaunchServicesPreferredVersion --enable-features=CDPScreenshotNewSurface --allow-pre-commit-input --disable-hang-monitor --disable-ipc-flooding-protection --disable-popup-blocking --disable-prompt-on-repost --disable-renderer-backgrounding --force-color-profile=srgb --metrics-recording-only --no-first-run --password-store=basic --use-mock-keychain --no-service-autorun --export-tagged-pdf --disable-search-engine-choice-screen --unsafely-disable-devtools-self-xss-warnings --edge-skip-compat-layer-relaunch --disable-infobars --disable-search-engine-choice-screen --disable-sync --enable-unsafe-swiftshader --headless --hide-scrollbars --mute-audio --blink-settings=primaryHoverType=2,availableHoverTypes=2,primaryPointerType=4,availablePointerTypes=4 --no-sandbox --user-data-dir=/tmp/playwright_chromiumdev_profile-kiVyRk --remote-debugging-pipe --no-startup-window
      - <launched> pid=97426
      - [pid=97426][err] [0714/175127.527440:ERROR:base/power_monitor/thermal_state_observer_mac.mm:140] ThermalStateObserverMac unable to register to power notifications. Result: 9
      - [pid=97426][err] [0714/175127.529187:ERROR:net/dns/dns_config_service_posix.cc:138] DNS config watch failed to start.
      - [pid=97426][err] [0714/175127.529439:WARNING:net/dns/dns_config_service_posix.cc:197] Failed to read DnsConfig.
      - [pid=97426][err] [0714/175127.529897:FATAL:base/apple/mach_port_rendezvous_mac.cc:159] Check failed: kr == KERN_SUCCESS. bootstrap_check_in org.chromium.Chromium.MachPortRendezvousServer.97426: unknown error code (141)
      - [pid=97426] <gracefully close start>
      - [pid=97426] <kill>
      - [pid=97426] <will force kill>
      - [pid=97426] exception while trying to kill process: Error: kill EPERM
      - [pid=97426] <process did exit: exitCode=null, signal=SIGTRAP>
      - [pid=97426] starting temporary directories cleanup
      - [pid=97426] finished temporary directories cleanup
      - [pid=97426] <gracefully close end>


    Error Context: test-results/artifacts-unknown-Artifact-18bb7-osing-state-without-actions-tablet-768/error-context.md

    attachment #2: trace (application/zip) ─────────────────────────────────────────────────────────
    test-results/artifacts-unknown-Artifact-18bb7-osing-state-without-actions-tablet-768/trace.zip
    Usage:

        npx playwright show-trace test-results/artifacts-unknown-Artifact-18bb7-osing-state-without-actions-tablet-768/trace.zip

    ────────────────────────────────────────────────────────────────────────────────────────────────

  18) [tablet-768] › tests/e2e/artifacts.spec.ts:260:1 › Artifact library server failure stays distinct from not-found 

    Error: browserType.launch: Target page, context or browser has been closed
    Browser logs:

    <launching> /Users/hyunjun/Library/Caches/ms-playwright/chromium_headless_shell-1228/chrome-headless-shell-mac-arm64/chrome-headless-shell --disable-field-trial-config --disable-background-networking --disable-background-timer-throttling --disable-backgrounding-occluded-windows --disable-back-forward-cache --disable-breakpad --disable-client-side-phishing-detection --disable-component-extensions-with-background-pages --disable-component-update --no-default-browser-check --disable-default-apps --disable-dev-shm-usage --disable-edgeupdater --disable-extensions --disable-features=AvoidUnnecessaryBeforeUnloadCheckSync,BoundaryEventDispatchTracksNodeRemoval,DestroyProfileOnBrowserClose,DialMediaRouteProvider,GlobalMediaControls,HttpsUpgrades,LensOverlay,MediaRouter,PaintHolding,ThirdPartyStoragePartitioning,Translate,AutoDeElevate,RenderDocument,OptimizationHints,msForceBrowserSignIn,msEdgeUpdateLaunchServicesPreferredVersion --enable-features=CDPScreenshotNewSurface --allow-pre-commit-input --disable-hang-monitor --disable-ipc-flooding-protection --disable-popup-blocking --disable-prompt-on-repost --disable-renderer-backgrounding --force-color-profile=srgb --metrics-recording-only --no-first-run --password-store=basic --use-mock-keychain --no-service-autorun --export-tagged-pdf --disable-search-engine-choice-screen --unsafely-disable-devtools-self-xss-warnings --edge-skip-compat-layer-relaunch --disable-infobars --disable-search-engine-choice-screen --disable-sync --enable-unsafe-swiftshader --headless --hide-scrollbars --mute-audio --blink-settings=primaryHoverType=2,availableHoverTypes=2,primaryPointerType=4,availablePointerTypes=4 --no-sandbox --user-data-dir=/tmp/playwright_chromiumdev_profile-6jgEBa --remote-debugging-pipe --no-startup-window
    <launched> pid=97432
    [pid=97432][err] [0714/175127.843578:ERROR:base/power_monitor/thermal_state_observer_mac.mm:140] ThermalStateObserverMac unable to register to power notifications. Result: 9
    [pid=97432][err] [0714/175127.844591:ERROR:net/dns/dns_config_service_posix.cc:138] DNS config watch failed to start.
    [pid=97432][err] [0714/175127.844909:FATAL:base/apple/mach_port_rendezvous_mac.cc:159] Check failed: kr == KERN_SUCCESS. bootstrap_check_in org.chromium.Chromium.MachPortRendezvousServer.97432: unknown error code (141)
    [pid=97432][err] [0714/175127.844951:WARNING:net/dns/dns_config_service_posix.cc:197] Failed to read DnsConfig.
    Call log:
      - <launching> /Users/hyunjun/Library/Caches/ms-playwright/chromium_headless_shell-1228/chrome-headless-shell-mac-arm64/chrome-headless-shell --disable-field-trial-config --disable-background-networking --disable-background-timer-throttling --disable-backgrounding-occluded-windows --disable-back-forward-cache --disable-breakpad --disable-client-side-phishing-detection --disable-component-extensions-with-background-pages --disable-component-update --no-default-browser-check --disable-default-apps --disable-dev-shm-usage --disable-edgeupdater --disable-extensions --disable-features=AvoidUnnecessaryBeforeUnloadCheckSync,BoundaryEventDispatchTracksNodeRemoval,DestroyProfileOnBrowserClose,DialMediaRouteProvider,GlobalMediaControls,HttpsUpgrades,LensOverlay,MediaRouter,PaintHolding,ThirdPartyStoragePartitioning,Translate,AutoDeElevate,RenderDocument,OptimizationHints,msForceBrowserSignIn,msEdgeUpdateLaunchServicesPreferredVersion --enable-features=CDPScreenshotNewSurface --allow-pre-commit-input --disable-hang-monitor --disable-ipc-flooding-protection --disable-popup-blocking --disable-prompt-on-repost --disable-renderer-backgrounding --force-color-profile=srgb --metrics-recording-only --no-first-run --password-store=basic --use-mock-keychain --no-service-autorun --export-tagged-pdf --disable-search-engine-choice-screen --unsafely-disable-devtools-self-xss-warnings --edge-skip-compat-layer-relaunch --disable-infobars --disable-search-engine-choice-screen --disable-sync --enable-unsafe-swiftshader --headless --hide-scrollbars --mute-audio --blink-settings=primaryHoverType=2,availableHoverTypes=2,primaryPointerType=4,availablePointerTypes=4 --no-sandbox --user-data-dir=/tmp/playwright_chromiumdev_profile-6jgEBa --remote-debugging-pipe --no-startup-window
      - <launched> pid=97432
      - [pid=97432][err] [0714/175127.843578:ERROR:base/power_monitor/thermal_state_observer_mac.mm:140] ThermalStateObserverMac unable to register to power notifications. Result: 9
      - [pid=97432][err] [0714/175127.844591:ERROR:net/dns/dns_config_service_posix.cc:138] DNS config watch failed to start.
      - [pid=97432][err] [0714/175127.844909:FATAL:base/apple/mach_port_rendezvous_mac.cc:159] Check failed: kr == KERN_SUCCESS. bootstrap_check_in org.chromium.Chromium.MachPortRendezvousServer.97432: unknown error code (141)
      - [pid=97432][err] [0714/175127.844951:WARNING:net/dns/dns_config_service_posix.cc:197] Failed to read DnsConfig.
      - [pid=97432] <gracefully close start>
      - [pid=97432] <kill>
      - [pid=97432] <will force kill>
      - [pid=97432] exception while trying to kill process: Error: kill EPERM
      - [pid=97432] <process did exit: exitCode=null, signal=SIGTRAP>
      - [pid=97432] starting temporary directories cleanup
      - [pid=97432] finished temporary directories cleanup
      - [pid=97432] <gracefully close end>


    Error Context: test-results/artifacts-Artifact-library-f28b9-ays-distinct-from-not-found-tablet-768/error-context.md

    attachment #2: trace (application/zip) ─────────────────────────────────────────────────────────
    test-results/artifacts-Artifact-library-f28b9-ays-distinct-from-not-found-tablet-768/trace.zip
    Usage:

        npx playwright show-trace test-results/artifacts-Artifact-library-f28b9-ays-distinct-from-not-found-tablet-768/trace.zip

    ────────────────────────────────────────────────────────────────────────────────────────────────

  19) [tablet-768] › tests/e2e/artifacts.spec.ts:272:1 › Artifact detail network failure has a connection error state 

    Error: browserType.launch: Target page, context or browser has been closed
    Browser logs:

    <launching> /Users/hyunjun/Library/Caches/ms-playwright/chromium_headless_shell-1228/chrome-headless-shell-mac-arm64/chrome-headless-shell --disable-field-trial-config --disable-background-networking --disable-background-timer-throttling --disable-backgrounding-occluded-windows --disable-back-forward-cache --disable-breakpad --disable-client-side-phishing-detection --disable-component-extensions-with-background-pages --disable-component-update --no-default-browser-check --disable-default-apps --disable-dev-shm-usage --disable-edgeupdater --disable-extensions --disable-features=AvoidUnnecessaryBeforeUnloadCheckSync,BoundaryEventDispatchTracksNodeRemoval,DestroyProfileOnBrowserClose,DialMediaRouteProvider,GlobalMediaControls,HttpsUpgrades,LensOverlay,MediaRouter,PaintHolding,ThirdPartyStoragePartitioning,Translate,AutoDeElevate,RenderDocument,OptimizationHints,msForceBrowserSignIn,msEdgeUpdateLaunchServicesPreferredVersion --enable-features=CDPScreenshotNewSurface --allow-pre-commit-input --disable-hang-monitor --disable-ipc-flooding-protection --disable-popup-blocking --disable-prompt-on-repost --disable-renderer-backgrounding --force-color-profile=srgb --metrics-recording-only --no-first-run --password-store=basic --use-mock-keychain --no-service-autorun --export-tagged-pdf --disable-search-engine-choice-screen --unsafely-disable-devtools-self-xss-warnings --edge-skip-compat-layer-relaunch --disable-infobars --disable-search-engine-choice-screen --disable-sync --enable-unsafe-swiftshader --headless --hide-scrollbars --mute-audio --blink-settings=primaryHoverType=2,availableHoverTypes=2,primaryPointerType=4,availablePointerTypes=4 --no-sandbox --user-data-dir=/tmp/playwright_chromiumdev_profile-r2lFU5 --remote-debugging-pipe --no-startup-window
    <launched> pid=97436
    [pid=97436][err] [0714/175128.153292:ERROR:base/power_monitor/thermal_state_observer_mac.mm:140] ThermalStateObserverMac unable to register to power notifications. Result: 9
    [pid=97436][err] [0714/175128.154349:ERROR:net/dns/dns_config_service_posix.cc:138] DNS config watch failed to start.
    [pid=97436][err] [0714/175128.154668:WARNING:net/dns/dns_config_service_posix.cc:197] Failed to read DnsConfig.
    [pid=97436][err] [0714/175128.154714:FATAL:base/apple/mach_port_rendezvous_mac.cc:159] Check failed: kr == KERN_SUCCESS. bootstrap_check_in org.chromium.Chromium.MachPortRendezvousServer.97436: unknown error code (141)
    Call log:
      - <launching> /Users/hyunjun/Library/Caches/ms-playwright/chromium_headless_shell-1228/chrome-headless-shell-mac-arm64/chrome-headless-shell --disable-field-trial-config --disable-background-networking --disable-background-timer-throttling --disable-backgrounding-occluded-windows --disable-back-forward-cache --disable-breakpad --disable-client-side-phishing-detection --disable-component-extensions-with-background-pages --disable-component-update --no-default-browser-check --disable-default-apps --disable-dev-shm-usage --disable-edgeupdater --disable-extensions --disable-features=AvoidUnnecessaryBeforeUnloadCheckSync,BoundaryEventDispatchTracksNodeRemoval,DestroyProfileOnBrowserClose,DialMediaRouteProvider,GlobalMediaControls,HttpsUpgrades,LensOverlay,MediaRouter,PaintHolding,ThirdPartyStoragePartitioning,Translate,AutoDeElevate,RenderDocument,OptimizationHints,msForceBrowserSignIn,msEdgeUpdateLaunchServicesPreferredVersion --enable-features=CDPScreenshotNewSurface --allow-pre-commit-input --disable-hang-monitor --disable-ipc-flooding-protection --disable-popup-blocking --disable-prompt-on-repost --disable-renderer-backgrounding --force-color-profile=srgb --metrics-recording-only --no-first-run --password-store=basic --use-mock-keychain --no-service-autorun --export-tagged-pdf --disable-search-engine-choice-screen --unsafely-disable-devtools-self-xss-warnings --edge-skip-compat-layer-relaunch --disable-infobars --disable-search-engine-choice-screen --disable-sync --enable-unsafe-swiftshader --headless --hide-scrollbars --mute-audio --blink-settings=primaryHoverType=2,availableHoverTypes=2,primaryPointerType=4,availablePointerTypes=4 --no-sandbox --user-data-dir=/tmp/playwright_chromiumdev_profile-r2lFU5 --remote-debugging-pipe --no-startup-window
      - <launched> pid=97436
      - [pid=97436][err] [0714/175128.153292:ERROR:base/power_monitor/thermal_state_observer_mac.mm:140] ThermalStateObserverMac unable to register to power notifications. Result: 9
      - [pid=97436][err] [0714/175128.154349:ERROR:net/dns/dns_config_service_posix.cc:138] DNS config watch failed to start.
      - [pid=97436][err] [0714/175128.154668:WARNING:net/dns/dns_config_service_posix.cc:197] Failed to read DnsConfig.
      - [pid=97436][err] [0714/175128.154714:FATAL:base/apple/mach_port_rendezvous_mac.cc:159] Check failed: kr == KERN_SUCCESS. bootstrap_check_in org.chromium.Chromium.MachPortRendezvousServer.97436: unknown error code (141)
      - [pid=97436] <gracefully close start>
      - [pid=97436] <kill>
      - [pid=97436] <will force kill>
      - [pid=97436] exception while trying to kill process: Error: kill EPERM
      - [pid=97436] <process did exit: exitCode=null, signal=SIGTRAP>
      - [pid=97436] starting temporary directories cleanup
      - [pid=97436] finished temporary directories cleanup
      - [pid=97436] <gracefully close end>


    Error Context: test-results/artifacts-Artifact-detail--bd9a2-as-a-connection-error-state-tablet-768/error-context.md

    attachment #2: trace (application/zip) ─────────────────────────────────────────────────────────
    test-results/artifacts-Artifact-detail--bd9a2-as-a-connection-error-state-tablet-768/trace.zip
    Usage:

        npx playwright show-trace test-results/artifacts-Artifact-detail--bd9a2-as-a-connection-error-state-tablet-768/trace.zip

    ────────────────────────────────────────────────────────────────────────────────────────────────

  20) [tablet-768] › tests/e2e/artifacts.spec.ts:282:1 › authentication failure has an explicit session state 

    Error: browserType.launch: Target page, context or browser has been closed
    Browser logs:

    <launching> /Users/hyunjun/Library/Caches/ms-playwright/chromium_headless_shell-1228/chrome-headless-shell-mac-arm64/chrome-headless-shell --disable-field-trial-config --disable-background-networking --disable-background-timer-throttling --disable-backgrounding-occluded-windows --disable-back-forward-cache --disable-breakpad --disable-client-side-phishing-detection --disable-component-extensions-with-background-pages --disable-component-update --no-default-browser-check --disable-default-apps --disable-dev-shm-usage --disable-edgeupdater --disable-extensions --disable-features=AvoidUnnecessaryBeforeUnloadCheckSync,BoundaryEventDispatchTracksNodeRemoval,DestroyProfileOnBrowserClose,DialMediaRouteProvider,GlobalMediaControls,HttpsUpgrades,LensOverlay,MediaRouter,PaintHolding,ThirdPartyStoragePartitioning,Translate,AutoDeElevate,RenderDocument,OptimizationHints,msForceBrowserSignIn,msEdgeUpdateLaunchServicesPreferredVersion --enable-features=CDPScreenshotNewSurface --allow-pre-commit-input --disable-hang-monitor --disable-ipc-flooding-protection --disable-popup-blocking --disable-prompt-on-repost --disable-renderer-backgrounding --force-color-profile=srgb --metrics-recording-only --no-first-run --password-store=basic --use-mock-keychain --no-service-autorun --export-tagged-pdf --disable-search-engine-choice-screen --unsafely-disable-devtools-self-xss-warnings --edge-skip-compat-layer-relaunch --disable-infobars --disable-search-engine-choice-screen --disable-sync --enable-unsafe-swiftshader --headless --hide-scrollbars --mute-audio --blink-settings=primaryHoverType=2,availableHoverTypes=2,primaryPointerType=4,availablePointerTypes=4 --no-sandbox --user-data-dir=/tmp/playwright_chromiumdev_profile-isq3lo --remote-debugging-pipe --no-startup-window
    <launched> pid=97442
    [pid=97442][err] [0714/175128.459191:ERROR:base/power_monitor/thermal_state_observer_mac.mm:140] ThermalStateObserverMac unable to register to power notifications. Result: 9
    [pid=97442][err] [0714/175128.460400:ERROR:net/dns/dns_config_service_posix.cc:138] DNS config watch failed to start.
    [pid=97442][err] [0714/175128.460689:WARNING:net/dns/dns_config_service_posix.cc:197] Failed to read DnsConfig.
    [pid=97442][err] [0714/175128.460723:FATAL:base/apple/mach_port_rendezvous_mac.cc:159] Check failed: kr == KERN_SUCCESS. bootstrap_check_in org.chromium.Chromium.MachPortRendezvousServer.97442: unknown error code (141)
    Call log:
      - <launching> /Users/hyunjun/Library/Caches/ms-playwright/chromium_headless_shell-1228/chrome-headless-shell-mac-arm64/chrome-headless-shell --disable-field-trial-config --disable-background-networking --disable-background-timer-throttling --disable-backgrounding-occluded-windows --disable-back-forward-cache --disable-breakpad --disable-client-side-phishing-detection --disable-component-extensions-with-background-pages --disable-component-update --no-default-browser-check --disable-default-apps --disable-dev-shm-usage --disable-edgeupdater --disable-extensions --disable-features=AvoidUnnecessaryBeforeUnloadCheckSync,BoundaryEventDispatchTracksNodeRemoval,DestroyProfileOnBrowserClose,DialMediaRouteProvider,GlobalMediaControls,HttpsUpgrades,LensOverlay,MediaRouter,PaintHolding,ThirdPartyStoragePartitioning,Translate,AutoDeElevate,RenderDocument,OptimizationHints,msForceBrowserSignIn,msEdgeUpdateLaunchServicesPreferredVersion --enable-features=CDPScreenshotNewSurface --allow-pre-commit-input --disable-hang-monitor --disable-ipc-flooding-protection --disable-popup-blocking --disable-prompt-on-repost --disable-renderer-backgrounding --force-color-profile=srgb --metrics-recording-only --no-first-run --password-store=basic --use-mock-keychain --no-service-autorun --export-tagged-pdf --disable-search-engine-choice-screen --unsafely-disable-devtools-self-xss-warnings --edge-skip-compat-layer-relaunch --disable-infobars --disable-search-engine-choice-screen --disable-sync --enable-unsafe-swiftshader --headless --hide-scrollbars --mute-audio --blink-settings=primaryHoverType=2,availableHoverTypes=2,primaryPointerType=4,availablePointerTypes=4 --no-sandbox --user-data-dir=/tmp/playwright_chromiumdev_profile-isq3lo --remote-debugging-pipe --no-startup-window
      - <launched> pid=97442
      - [pid=97442][err] [0714/175128.459191:ERROR:base/power_monitor/thermal_state_observer_mac.mm:140] ThermalStateObserverMac unable to register to power notifications. Result: 9
      - [pid=97442][err] [0714/175128.460400:ERROR:net/dns/dns_config_service_posix.cc:138] DNS config watch failed to start.
      - [pid=97442][err] [0714/175128.460689:WARNING:net/dns/dns_config_service_posix.cc:197] Failed to read DnsConfig.
      - [pid=97442][err] [0714/175128.460723:FATAL:base/apple/mach_port_rendezvous_mac.cc:159] Check failed: kr == KERN_SUCCESS. bootstrap_check_in org.chromium.Chromium.MachPortRendezvousServer.97442: unknown error code (141)
      - [pid=97442] <gracefully close start>
      - [pid=97442] <kill>
      - [pid=97442] <will force kill>
      - [pid=97442] exception while trying to kill process: Error: kill EPERM
      - [pid=97442] <process did exit: exitCode=null, signal=SIGTRAP>
      - [pid=97442] starting temporary directories cleanup
      - [pid=97442] finished temporary directories cleanup
      - [pid=97442] <gracefully close end>


    Error Context: test-results/artifacts-authentication-f-2b3d8-s-an-explicit-session-state-tablet-768/error-context.md

    attachment #2: trace (application/zip) ─────────────────────────────────────────────────────────
    test-results/artifacts-authentication-f-2b3d8-s-an-explicit-session-state-tablet-768/trace.zip
    Usage:

        npx playwright show-trace test-results/artifacts-authentication-f-2b3d8-s-an-explicit-session-state-tablet-768/trace.zip

    ────────────────────────────────────────────────────────────────────────────────────────────────

  21) [desktop-1280] › tests/e2e/artifacts.spec.ts:26:1 › keyboard flow preserves explicit versions and isolated preview 

    Error: browserType.launch: Target page, context or browser has been closed
    Browser logs:

    <launching> /Users/hyunjun/Library/Caches/ms-playwright/chromium_headless_shell-1228/chrome-headless-shell-mac-arm64/chrome-headless-shell --disable-field-trial-config --disable-background-networking --disable-background-timer-throttling --disable-backgrounding-occluded-windows --disable-back-forward-cache --disable-breakpad --disable-client-side-phishing-detection --disable-component-extensions-with-background-pages --disable-component-update --no-default-browser-check --disable-default-apps --disable-dev-shm-usage --disable-edgeupdater --disable-extensions --disable-features=AvoidUnnecessaryBeforeUnloadCheckSync,BoundaryEventDispatchTracksNodeRemoval,DestroyProfileOnBrowserClose,DialMediaRouteProvider,GlobalMediaControls,HttpsUpgrades,LensOverlay,MediaRouter,PaintHolding,ThirdPartyStoragePartitioning,Translate,AutoDeElevate,RenderDocument,OptimizationHints,msForceBrowserSignIn,msEdgeUpdateLaunchServicesPreferredVersion --enable-features=CDPScreenshotNewSurface --allow-pre-commit-input --disable-hang-monitor --disable-ipc-flooding-protection --disable-popup-blocking --disable-prompt-on-repost --disable-renderer-backgrounding --force-color-profile=srgb --metrics-recording-only --no-first-run --password-store=basic --use-mock-keychain --no-service-autorun --export-tagged-pdf --disable-search-engine-choice-screen --unsafely-disable-devtools-self-xss-warnings --edge-skip-compat-layer-relaunch --disable-infobars --disable-search-engine-choice-screen --disable-sync --enable-unsafe-swiftshader --headless --hide-scrollbars --mute-audio --blink-settings=primaryHoverType=2,availableHoverTypes=2,primaryPointerType=4,availablePointerTypes=4 --no-sandbox --user-data-dir=/tmp/playwright_chromiumdev_profile-KX9vFH --remote-debugging-pipe --no-startup-window
    <launched> pid=97457
    [pid=97457][err] [0714/175128.764187:ERROR:base/power_monitor/thermal_state_observer_mac.mm:140] ThermalStateObserverMac unable to register to power notifications. Result: 9
    [pid=97457][err] [0714/175128.765672:ERROR:net/dns/dns_config_service_posix.cc:138] DNS config watch failed to start.
    [pid=97457][err] [0714/175128.765932:WARNING:net/dns/dns_config_service_posix.cc:197] Failed to read DnsConfig.
    [pid=97457][err] [0714/175128.765981:FATAL:base/apple/mach_port_rendezvous_mac.cc:159] Check failed: kr == KERN_SUCCESS. bootstrap_check_in org.chromium.Chromium.MachPortRendezvousServer.97457: unknown error code (141)
    Call log:
      - <launching> /Users/hyunjun/Library/Caches/ms-playwright/chromium_headless_shell-1228/chrome-headless-shell-mac-arm64/chrome-headless-shell --disable-field-trial-config --disable-background-networking --disable-background-timer-throttling --disable-backgrounding-occluded-windows --disable-back-forward-cache --disable-breakpad --disable-client-side-phishing-detection --disable-component-extensions-with-background-pages --disable-component-update --no-default-browser-check --disable-default-apps --disable-dev-shm-usage --disable-edgeupdater --disable-extensions --disable-features=AvoidUnnecessaryBeforeUnloadCheckSync,BoundaryEventDispatchTracksNodeRemoval,DestroyProfileOnBrowserClose,DialMediaRouteProvider,GlobalMediaControls,HttpsUpgrades,LensOverlay,MediaRouter,PaintHolding,ThirdPartyStoragePartitioning,Translate,AutoDeElevate,RenderDocument,OptimizationHints,msForceBrowserSignIn,msEdgeUpdateLaunchServicesPreferredVersion --enable-features=CDPScreenshotNewSurface --allow-pre-commit-input --disable-hang-monitor --disable-ipc-flooding-protection --disable-popup-blocking --disable-prompt-on-repost --disable-renderer-backgrounding --force-color-profile=srgb --metrics-recording-only --no-first-run --password-store=basic --use-mock-keychain --no-service-autorun --export-tagged-pdf --disable-search-engine-choice-screen --unsafely-disable-devtools-self-xss-warnings --edge-skip-compat-layer-relaunch --disable-infobars --disable-search-engine-choice-screen --disable-sync --enable-unsafe-swiftshader --headless --hide-scrollbars --mute-audio --blink-settings=primaryHoverType=2,availableHoverTypes=2,primaryPointerType=4,availablePointerTypes=4 --no-sandbox --user-data-dir=/tmp/playwright_chromiumdev_profile-KX9vFH --remote-debugging-pipe --no-startup-window
      - <launched> pid=97457
      - [pid=97457][err] [0714/175128.764187:ERROR:base/power_monitor/thermal_state_observer_mac.mm:140] ThermalStateObserverMac unable to register to power notifications. Result: 9
      - [pid=97457][err] [0714/175128.765672:ERROR:net/dns/dns_config_service_posix.cc:138] DNS config watch failed to start.
      - [pid=97457][err] [0714/175128.765932:WARNING:net/dns/dns_config_service_posix.cc:197] Failed to read DnsConfig.
      - [pid=97457][err] [0714/175128.765981:FATAL:base/apple/mach_port_rendezvous_mac.cc:159] Check failed: kr == KERN_SUCCESS. bootstrap_check_in org.chromium.Chromium.MachPortRendezvousServer.97457: unknown error code (141)
      - [pid=97457] <gracefully close start>
      - [pid=97457] <kill>
      - [pid=97457] <will force kill>
      - [pid=97457] exception while trying to kill process: Error: kill EPERM
      - [pid=97457] <process did exit: exitCode=null, signal=SIGTRAP>
      - [pid=97457] starting temporary directories cleanup
      - [pid=97457] finished temporary directories cleanup
      - [pid=97457] <gracefully close end>


    Error Context: test-results/artifacts-keyboard-flow-pr-cc902-rsions-and-isolated-preview-desktop-1280/error-context.md

    attachment #2: trace (application/zip) ─────────────────────────────────────────────────────────
    test-results/artifacts-keyboard-flow-pr-cc902-rsions-and-isolated-preview-desktop-1280/trace.zip
    Usage:

        npx playwright show-trace test-results/artifacts-keyboard-flow-pr-cc902-rsions-and-isolated-preview-desktop-1280/trace.zip

    ────────────────────────────────────────────────────────────────────────────────────────────────

  22) [desktop-1280] › tests/e2e/artifacts.spec.ts:120:1 › library opens passive CSV PNG and PDF histories 

    Error: browserType.launch: Target page, context or browser has been closed
    Browser logs:

    <launching> /Users/hyunjun/Library/Caches/ms-playwright/chromium_headless_shell-1228/chrome-headless-shell-mac-arm64/chrome-headless-shell --disable-field-trial-config --disable-background-networking --disable-background-timer-throttling --disable-backgrounding-occluded-windows --disable-back-forward-cache --disable-breakpad --disable-client-side-phishing-detection --disable-component-extensions-with-background-pages --disable-component-update --no-default-browser-check --disable-default-apps --disable-dev-shm-usage --disable-edgeupdater --disable-extensions --disable-features=AvoidUnnecessaryBeforeUnloadCheckSync,BoundaryEventDispatchTracksNodeRemoval,DestroyProfileOnBrowserClose,DialMediaRouteProvider,GlobalMediaControls,HttpsUpgrades,LensOverlay,MediaRouter,PaintHolding,ThirdPartyStoragePartitioning,Translate,AutoDeElevate,RenderDocument,OptimizationHints,msForceBrowserSignIn,msEdgeUpdateLaunchServicesPreferredVersion --enable-features=CDPScreenshotNewSurface --allow-pre-commit-input --disable-hang-monitor --disable-ipc-flooding-protection --disable-popup-blocking --disable-prompt-on-repost --disable-renderer-backgrounding --force-color-profile=srgb --metrics-recording-only --no-first-run --password-store=basic --use-mock-keychain --no-service-autorun --export-tagged-pdf --disable-search-engine-choice-screen --unsafely-disable-devtools-self-xss-warnings --edge-skip-compat-layer-relaunch --disable-infobars --disable-search-engine-choice-screen --disable-sync --enable-unsafe-swiftshader --headless --hide-scrollbars --mute-audio --blink-settings=primaryHoverType=2,availableHoverTypes=2,primaryPointerType=4,availablePointerTypes=4 --no-sandbox --user-data-dir=/tmp/playwright_chromiumdev_profile-Nyfd7Z --remote-debugging-pipe --no-startup-window
    <launched> pid=97478
    [pid=97478][err] [0714/175129.089229:ERROR:base/power_monitor/thermal_state_observer_mac.mm:140] ThermalStateObserverMac unable to register to power notifications. Result: 9
    [pid=97478][err] [0714/175129.090149:ERROR:net/dns/dns_config_service_posix.cc:138] DNS config watch failed to start.
    [pid=97478][err] [0714/175129.090496:FATAL:base/apple/mach_port_rendezvous_mac.cc:159] Check failed: kr == KERN_SUCCESS. bootstrap_check_in org.chromium.Chromium.MachPortRendezvousServer.97478: unknown error code (141)
    [pid=97478][err] [0714/175129.090535:WARNING:net/dns/dns_config_service_posix.cc:197] Failed to read DnsConfig.
    Call log:
      - <launching> /Users/hyunjun/Library/Caches/ms-playwright/chromium_headless_shell-1228/chrome-headless-shell-mac-arm64/chrome-headless-shell --disable-field-trial-config --disable-background-networking --disable-background-timer-throttling --disable-backgrounding-occluded-windows --disable-back-forward-cache --disable-breakpad --disable-client-side-phishing-detection --disable-component-extensions-with-background-pages --disable-component-update --no-default-browser-check --disable-default-apps --disable-dev-shm-usage --disable-edgeupdater --disable-extensions --disable-features=AvoidUnnecessaryBeforeUnloadCheckSync,BoundaryEventDispatchTracksNodeRemoval,DestroyProfileOnBrowserClose,DialMediaRouteProvider,GlobalMediaControls,HttpsUpgrades,LensOverlay,MediaRouter,PaintHolding,ThirdPartyStoragePartitioning,Translate,AutoDeElevate,RenderDocument,OptimizationHints,msForceBrowserSignIn,msEdgeUpdateLaunchServicesPreferredVersion --enable-features=CDPScreenshotNewSurface --allow-pre-commit-input --disable-hang-monitor --disable-ipc-flooding-protection --disable-popup-blocking --disable-prompt-on-repost --disable-renderer-backgrounding --force-color-profile=srgb --metrics-recording-only --no-first-run --password-store=basic --use-mock-keychain --no-service-autorun --export-tagged-pdf --disable-search-engine-choice-screen --unsafely-disable-devtools-self-xss-warnings --edge-skip-compat-layer-relaunch --disable-infobars --disable-search-engine-choice-screen --disable-sync --enable-unsafe-swiftshader --headless --hide-scrollbars --mute-audio --blink-settings=primaryHoverType=2,availableHoverTypes=2,primaryPointerType=4,availablePointerTypes=4 --no-sandbox --user-data-dir=/tmp/playwright_chromiumdev_profile-Nyfd7Z --remote-debugging-pipe --no-startup-window
      - <launched> pid=97478
      - [pid=97478][err] [0714/175129.089229:ERROR:base/power_monitor/thermal_state_observer_mac.mm:140] ThermalStateObserverMac unable to register to power notifications. Result: 9
      - [pid=97478][err] [0714/175129.090149:ERROR:net/dns/dns_config_service_posix.cc:138] DNS config watch failed to start.
      - [pid=97478][err] [0714/175129.090496:FATAL:base/apple/mach_port_rendezvous_mac.cc:159] Check failed: kr == KERN_SUCCESS. bootstrap_check_in org.chromium.Chromium.MachPortRendezvousServer.97478: unknown error code (141)
      - [pid=97478][err] [0714/175129.090535:WARNING:net/dns/dns_config_service_posix.cc:197] Failed to read DnsConfig.
      - [pid=97478] <gracefully close start>
      - [pid=97478] <kill>
      - [pid=97478] <will force kill>
      - [pid=97478] exception while trying to kill process: Error: kill EPERM
      - [pid=97478] <process did exit: exitCode=null, signal=SIGTRAP>
      - [pid=97478] starting temporary directories cleanup
      - [pid=97478] finished temporary directories cleanup
      - [pid=97478] <gracefully close end>


    Error Context: test-results/artifacts-library-opens-passive-CSV-PNG-and-PDF-histories-desktop-1280/error-context.md

    attachment #2: trace (application/zip) ─────────────────────────────────────────────────────────
    test-results/artifacts-library-opens-passive-CSV-PNG-and-PDF-histories-desktop-1280/trace.zip
    Usage:

        npx playwright show-trace test-results/artifacts-library-opens-passive-CSV-PNG-and-PDF-histories-desktop-1280/trace.zip

    ────────────────────────────────────────────────────────────────────────────────────────────────

  23) [desktop-1280] › tests/e2e/artifacts.spec.ts:135:1 › latest overlapping Version selection wins 

    Error: browserType.launch: Target page, context or browser has been closed
    Browser logs:

    <launching> /Users/hyunjun/Library/Caches/ms-playwright/chromium_headless_shell-1228/chrome-headless-shell-mac-arm64/chrome-headless-shell --disable-field-trial-config --disable-background-networking --disable-background-timer-throttling --disable-backgrounding-occluded-windows --disable-back-forward-cache --disable-breakpad --disable-client-side-phishing-detection --disable-component-extensions-with-background-pages --disable-component-update --no-default-browser-check --disable-default-apps --disable-dev-shm-usage --disable-edgeupdater --disable-extensions --disable-features=AvoidUnnecessaryBeforeUnloadCheckSync,BoundaryEventDispatchTracksNodeRemoval,DestroyProfileOnBrowserClose,DialMediaRouteProvider,GlobalMediaControls,HttpsUpgrades,LensOverlay,MediaRouter,PaintHolding,ThirdPartyStoragePartitioning,Translate,AutoDeElevate,RenderDocument,OptimizationHints,msForceBrowserSignIn,msEdgeUpdateLaunchServicesPreferredVersion --enable-features=CDPScreenshotNewSurface --allow-pre-commit-input --disable-hang-monitor --disable-ipc-flooding-protection --disable-popup-blocking --disable-prompt-on-repost --disable-renderer-backgrounding --force-color-profile=srgb --metrics-recording-only --no-first-run --password-store=basic --use-mock-keychain --no-service-autorun --export-tagged-pdf --disable-search-engine-choice-screen --unsafely-disable-devtools-self-xss-warnings --edge-skip-compat-layer-relaunch --disable-infobars --disable-search-engine-choice-screen --disable-sync --enable-unsafe-swiftshader --headless --hide-scrollbars --mute-audio --blink-settings=primaryHoverType=2,availableHoverTypes=2,primaryPointerType=4,availablePointerTypes=4 --no-sandbox --user-data-dir=/tmp/playwright_chromiumdev_profile-GlSiOg --remote-debugging-pipe --no-startup-window
    <launched> pid=97492
    [pid=97492][err] [0714/175129.395906:ERROR:base/power_monitor/thermal_state_observer_mac.mm:140] ThermalStateObserverMac unable to register to power notifications. Result: 9
    [pid=97492][err] [0714/175129.396927:ERROR:net/dns/dns_config_service_posix.cc:138] DNS config watch failed to start.
    [pid=97492][err] [0714/175129.397218:WARNING:net/dns/dns_config_service_posix.cc:197] Failed to read DnsConfig.
    [pid=97492][err] [0714/175129.397331:FATAL:base/apple/mach_port_rendezvous_mac.cc:159] Check failed: kr == KERN_SUCCESS. bootstrap_check_in org.chromium.Chromium.MachPortRendezvousServer.97492: unknown error code (141)
    Call log:
      - <launching> /Users/hyunjun/Library/Caches/ms-playwright/chromium_headless_shell-1228/chrome-headless-shell-mac-arm64/chrome-headless-shell --disable-field-trial-config --disable-background-networking --disable-background-timer-throttling --disable-backgrounding-occluded-windows --disable-back-forward-cache --disable-breakpad --disable-client-side-phishing-detection --disable-component-extensions-with-background-pages --disable-component-update --no-default-browser-check --disable-default-apps --disable-dev-shm-usage --disable-edgeupdater --disable-extensions --disable-features=AvoidUnnecessaryBeforeUnloadCheckSync,BoundaryEventDispatchTracksNodeRemoval,DestroyProfileOnBrowserClose,DialMediaRouteProvider,GlobalMediaControls,HttpsUpgrades,LensOverlay,MediaRouter,PaintHolding,ThirdPartyStoragePartitioning,Translate,AutoDeElevate,RenderDocument,OptimizationHints,msForceBrowserSignIn,msEdgeUpdateLaunchServicesPreferredVersion --enable-features=CDPScreenshotNewSurface --allow-pre-commit-input --disable-hang-monitor --disable-ipc-flooding-protection --disable-popup-blocking --disable-prompt-on-repost --disable-renderer-backgrounding --force-color-profile=srgb --metrics-recording-only --no-first-run --password-store=basic --use-mock-keychain --no-service-autorun --export-tagged-pdf --disable-search-engine-choice-screen --unsafely-disable-devtools-self-xss-warnings --edge-skip-compat-layer-relaunch --disable-infobars --disable-search-engine-choice-screen --disable-sync --enable-unsafe-swiftshader --headless --hide-scrollbars --mute-audio --blink-settings=primaryHoverType=2,availableHoverTypes=2,primaryPointerType=4,availablePointerTypes=4 --no-sandbox --user-data-dir=/tmp/playwright_chromiumdev_profile-GlSiOg --remote-debugging-pipe --no-startup-window
      - <launched> pid=97492
      - [pid=97492][err] [0714/175129.395906:ERROR:base/power_monitor/thermal_state_observer_mac.mm:140] ThermalStateObserverMac unable to register to power notifications. Result: 9
      - [pid=97492][err] [0714/175129.396927:ERROR:net/dns/dns_config_service_posix.cc:138] DNS config watch failed to start.
      - [pid=97492][err] [0714/175129.397218:WARNING:net/dns/dns_config_service_posix.cc:197] Failed to read DnsConfig.
      - [pid=97492][err] [0714/175129.397331:FATAL:base/apple/mach_port_rendezvous_mac.cc:159] Check failed: kr == KERN_SUCCESS. bootstrap_check_in org.chromium.Chromium.MachPortRendezvousServer.97492: unknown error code (141)
      - [pid=97492] <gracefully close start>
      - [pid=97492] <kill>
      - [pid=97492] <will force kill>
      - [pid=97492] exception while trying to kill process: Error: kill EPERM
      - [pid=97492] <process did exit: exitCode=null, signal=SIGTRAP>
      - [pid=97492] starting temporary directories cleanup
      - [pid=97492] finished temporary directories cleanup
      - [pid=97492] <gracefully close end>


    Error Context: test-results/artifacts-latest-overlapping-Version-selection-wins-desktop-1280/error-context.md

    attachment #2: trace (application/zip) ─────────────────────────────────────────────────────────
    test-results/artifacts-latest-overlapping-Version-selection-wins-desktop-1280/trace.zip
    Usage:

        npx playwright show-trace test-results/artifacts-latest-overlapping-Version-selection-wins-desktop-1280/trace.zip

    ────────────────────────────────────────────────────────────────────────────────────────────────

  24) [desktop-1280] › tests/e2e/artifacts.spec.ts:175:1 › stale Version failure cannot overwrite the latest success 

    Error: browserType.launch: Target page, context or browser has been closed
    Browser logs:

    <launching> /Users/hyunjun/Library/Caches/ms-playwright/chromium_headless_shell-1228/chrome-headless-shell-mac-arm64/chrome-headless-shell --disable-field-trial-config --disable-background-networking --disable-background-timer-throttling --disable-backgrounding-occluded-windows --disable-back-forward-cache --disable-breakpad --disable-client-side-phishing-detection --disable-component-extensions-with-background-pages --disable-component-update --no-default-browser-check --disable-default-apps --disable-dev-shm-usage --disable-edgeupdater --disable-extensions --disable-features=AvoidUnnecessaryBeforeUnloadCheckSync,BoundaryEventDispatchTracksNodeRemoval,DestroyProfileOnBrowserClose,DialMediaRouteProvider,GlobalMediaControls,HttpsUpgrades,LensOverlay,MediaRouter,PaintHolding,ThirdPartyStoragePartitioning,Translate,AutoDeElevate,RenderDocument,OptimizationHints,msForceBrowserSignIn,msEdgeUpdateLaunchServicesPreferredVersion --enable-features=CDPScreenshotNewSurface --allow-pre-commit-input --disable-hang-monitor --disable-ipc-flooding-protection --disable-popup-blocking --disable-prompt-on-repost --disable-renderer-backgrounding --force-color-profile=srgb --metrics-recording-only --no-first-run --password-store=basic --use-mock-keychain --no-service-autorun --export-tagged-pdf --disable-search-engine-choice-screen --unsafely-disable-devtools-self-xss-warnings --edge-skip-compat-layer-relaunch --disable-infobars --disable-search-engine-choice-screen --disable-sync --enable-unsafe-swiftshader --headless --hide-scrollbars --mute-audio --blink-settings=primaryHoverType=2,availableHoverTypes=2,primaryPointerType=4,availablePointerTypes=4 --no-sandbox --user-data-dir=/tmp/playwright_chromiumdev_profile-Agw8t4 --remote-debugging-pipe --no-startup-window
    <launched> pid=97514
    [pid=97514][err] [0714/175129.703162:ERROR:base/power_monitor/thermal_state_observer_mac.mm:140] ThermalStateObserverMac unable to register to power notifications. Result: 9
    [pid=97514][err] [0714/175129.704142:ERROR:net/dns/dns_config_service_posix.cc:138] DNS config watch failed to start.
    [pid=97514][err] [0714/175129.704398:WARNING:net/dns/dns_config_service_posix.cc:197] Failed to read DnsConfig.
    [pid=97514][err] [0714/175129.704498:FATAL:base/apple/mach_port_rendezvous_mac.cc:159] Check failed: kr == KERN_SUCCESS. bootstrap_check_in org.chromium.Chromium.MachPortRendezvousServer.97514: unknown error code (141)
    Call log:
      - <launching> /Users/hyunjun/Library/Caches/ms-playwright/chromium_headless_shell-1228/chrome-headless-shell-mac-arm64/chrome-headless-shell --disable-field-trial-config --disable-background-networking --disable-background-timer-throttling --disable-backgrounding-occluded-windows --disable-back-forward-cache --disable-breakpad --disable-client-side-phishing-detection --disable-component-extensions-with-background-pages --disable-component-update --no-default-browser-check --disable-default-apps --disable-dev-shm-usage --disable-edgeupdater --disable-extensions --disable-features=AvoidUnnecessaryBeforeUnloadCheckSync,BoundaryEventDispatchTracksNodeRemoval,DestroyProfileOnBrowserClose,DialMediaRouteProvider,GlobalMediaControls,HttpsUpgrades,LensOverlay,MediaRouter,PaintHolding,ThirdPartyStoragePartitioning,Translate,AutoDeElevate,RenderDocument,OptimizationHints,msForceBrowserSignIn,msEdgeUpdateLaunchServicesPreferredVersion --enable-features=CDPScreenshotNewSurface --allow-pre-commit-input --disable-hang-monitor --disable-ipc-flooding-protection --disable-popup-blocking --disable-prompt-on-repost --disable-renderer-backgrounding --force-color-profile=srgb --metrics-recording-only --no-first-run --password-store=basic --use-mock-keychain --no-service-autorun --export-tagged-pdf --disable-search-engine-choice-screen --unsafely-disable-devtools-self-xss-warnings --edge-skip-compat-layer-relaunch --disable-infobars --disable-search-engine-choice-screen --disable-sync --enable-unsafe-swiftshader --headless --hide-scrollbars --mute-audio --blink-settings=primaryHoverType=2,availableHoverTypes=2,primaryPointerType=4,availablePointerTypes=4 --no-sandbox --user-data-dir=/tmp/playwright_chromiumdev_profile-Agw8t4 --remote-debugging-pipe --no-startup-window
      - <launched> pid=97514
      - [pid=97514][err] [0714/175129.703162:ERROR:base/power_monitor/thermal_state_observer_mac.mm:140] ThermalStateObserverMac unable to register to power notifications. Result: 9
      - [pid=97514][err] [0714/175129.704142:ERROR:net/dns/dns_config_service_posix.cc:138] DNS config watch failed to start.
      - [pid=97514][err] [0714/175129.704398:WARNING:net/dns/dns_config_service_posix.cc:197] Failed to read DnsConfig.
      - [pid=97514][err] [0714/175129.704498:FATAL:base/apple/mach_port_rendezvous_mac.cc:159] Check failed: kr == KERN_SUCCESS. bootstrap_check_in org.chromium.Chromium.MachPortRendezvousServer.97514: unknown error code (141)
      - [pid=97514] <gracefully close start>
      - [pid=97514] <kill>
      - [pid=97514] <will force kill>
      - [pid=97514] exception while trying to kill process: Error: kill EPERM
      - [pid=97514] <process did exit: exitCode=null, signal=SIGTRAP>
      - [pid=97514] starting temporary directories cleanup
      - [pid=97514] finished temporary directories cleanup
      - [pid=97514] <gracefully close end>


    Error Context: test-results/artifacts-stale-Version-fa-c3b1d-verwrite-the-latest-success-desktop-1280/error-context.md

    attachment #2: trace (application/zip) ─────────────────────────────────────────────────────────
    test-results/artifacts-stale-Version-fa-c3b1d-verwrite-the-latest-success-desktop-1280/trace.zip
    Usage:

        npx playwright show-trace test-results/artifacts-stale-Version-fa-c3b1d-verwrite-the-latest-success-desktop-1280/trace.zip

    ────────────────────────────────────────────────────────────────────────────────────────────────

  25) [desktop-1280] › tests/e2e/artifacts.spec.ts:202:1 › Artifact mutation locks Version selection until the side effect settles 

    Error: browserType.launch: Target page, context or browser has been closed
    Browser logs:

    <launching> /Users/hyunjun/Library/Caches/ms-playwright/chromium_headless_shell-1228/chrome-headless-shell-mac-arm64/chrome-headless-shell --disable-field-trial-config --disable-background-networking --disable-background-timer-throttling --disable-backgrounding-occluded-windows --disable-back-forward-cache --disable-breakpad --disable-client-side-phishing-detection --disable-component-extensions-with-background-pages --disable-component-update --no-default-browser-check --disable-default-apps --disable-dev-shm-usage --disable-edgeupdater --disable-extensions --disable-features=AvoidUnnecessaryBeforeUnloadCheckSync,BoundaryEventDispatchTracksNodeRemoval,DestroyProfileOnBrowserClose,DialMediaRouteProvider,GlobalMediaControls,HttpsUpgrades,LensOverlay,MediaRouter,PaintHolding,ThirdPartyStoragePartitioning,Translate,AutoDeElevate,RenderDocument,OptimizationHints,msForceBrowserSignIn,msEdgeUpdateLaunchServicesPreferredVersion --enable-features=CDPScreenshotNewSurface --allow-pre-commit-input --disable-hang-monitor --disable-ipc-flooding-protection --disable-popup-blocking --disable-prompt-on-repost --disable-renderer-backgrounding --force-color-profile=srgb --metrics-recording-only --no-first-run --password-store=basic --use-mock-keychain --no-service-autorun --export-tagged-pdf --disable-search-engine-choice-screen --unsafely-disable-devtools-self-xss-warnings --edge-skip-compat-layer-relaunch --disable-infobars --disable-search-engine-choice-screen --disable-sync --enable-unsafe-swiftshader --headless --hide-scrollbars --mute-audio --blink-settings=primaryHoverType=2,availableHoverTypes=2,primaryPointerType=4,availablePointerTypes=4 --no-sandbox --user-data-dir=/tmp/playwright_chromiumdev_profile-Z35TRI --remote-debugging-pipe --no-startup-window
    <launched> pid=97520
    [pid=97520][err] [0714/175130.010481:ERROR:base/power_monitor/thermal_state_observer_mac.mm:140] ThermalStateObserverMac unable to register to power notifications. Result: 9
    [pid=97520][err] [0714/175130.011620:ERROR:net/dns/dns_config_service_posix.cc:138] DNS config watch failed to start.
    [pid=97520][err] [0714/175130.011893:WARNING:net/dns/dns_config_service_posix.cc:197] Failed to read DnsConfig.
    [pid=97520][err] [0714/175130.011990:FATAL:base/apple/mach_port_rendezvous_mac.cc:159] Check failed: kr == KERN_SUCCESS. bootstrap_check_in org.chromium.Chromium.MachPortRendezvousServer.97520: unknown error code (141)
    Call log:
      - <launching> /Users/hyunjun/Library/Caches/ms-playwright/chromium_headless_shell-1228/chrome-headless-shell-mac-arm64/chrome-headless-shell --disable-field-trial-config --disable-background-networking --disable-background-timer-throttling --disable-backgrounding-occluded-windows --disable-back-forward-cache --disable-breakpad --disable-client-side-phishing-detection --disable-component-extensions-with-background-pages --disable-component-update --no-default-browser-check --disable-default-apps --disable-dev-shm-usage --disable-edgeupdater --disable-extensions --disable-features=AvoidUnnecessaryBeforeUnloadCheckSync,BoundaryEventDispatchTracksNodeRemoval,DestroyProfileOnBrowserClose,DialMediaRouteProvider,GlobalMediaControls,HttpsUpgrades,LensOverlay,MediaRouter,PaintHolding,ThirdPartyStoragePartitioning,Translate,AutoDeElevate,RenderDocument,OptimizationHints,msForceBrowserSignIn,msEdgeUpdateLaunchServicesPreferredVersion --enable-features=CDPScreenshotNewSurface --allow-pre-commit-input --disable-hang-monitor --disable-ipc-flooding-protection --disable-popup-blocking --disable-prompt-on-repost --disable-renderer-backgrounding --force-color-profile=srgb --metrics-recording-only --no-first-run --password-store=basic --use-mock-keychain --no-service-autorun --export-tagged-pdf --disable-search-engine-choice-screen --unsafely-disable-devtools-self-xss-warnings --edge-skip-compat-layer-relaunch --disable-infobars --disable-search-engine-choice-screen --disable-sync --enable-unsafe-swiftshader --headless --hide-scrollbars --mute-audio --blink-settings=primaryHoverType=2,availableHoverTypes=2,primaryPointerType=4,availablePointerTypes=4 --no-sandbox --user-data-dir=/tmp/playwright_chromiumdev_profile-Z35TRI --remote-debugging-pipe --no-startup-window
      - <launched> pid=97520
      - [pid=97520][err] [0714/175130.010481:ERROR:base/power_monitor/thermal_state_observer_mac.mm:140] ThermalStateObserverMac unable to register to power notifications. Result: 9
      - [pid=97520][err] [0714/175130.011620:ERROR:net/dns/dns_config_service_posix.cc:138] DNS config watch failed to start.
      - [pid=97520][err] [0714/175130.011893:WARNING:net/dns/dns_config_service_posix.cc:197] Failed to read DnsConfig.
      - [pid=97520][err] [0714/175130.011990:FATAL:base/apple/mach_port_rendezvous_mac.cc:159] Check failed: kr == KERN_SUCCESS. bootstrap_check_in org.chromium.Chromium.MachPortRendezvousServer.97520: unknown error code (141)
      - [pid=97520] <gracefully close start>
      - [pid=97520] <kill>
      - [pid=97520] <will force kill>
      - [pid=97520] exception while trying to kill process: Error: kill EPERM
      - [pid=97520] <process did exit: exitCode=null, signal=SIGTRAP>
      - [pid=97520] starting temporary directories cleanup
      - [pid=97520] finished temporary directories cleanup
      - [pid=97520] <gracefully close end>


    Error Context: test-results/artifacts-Artifact-mutatio-869d6-til-the-side-effect-settles-desktop-1280/error-context.md

    attachment #2: trace (application/zip) ─────────────────────────────────────────────────────────
    test-results/artifacts-Artifact-mutatio-869d6-til-the-side-effect-settles-desktop-1280/trace.zip
    Usage:

        npx playwright show-trace test-results/artifacts-Artifact-mutatio-869d6-til-the-side-effect-settles-desktop-1280/trace.zip

    ────────────────────────────────────────────────────────────────────────────────────────────────

  26) [desktop-1280] › tests/e2e/artifacts.spec.ts:227:1 › failed Artifact actions restore keyboard focus 

    Error: browserType.launch: Target page, context or browser has been closed
    Browser logs:

    <launching> /Users/hyunjun/Library/Caches/ms-playwright/chromium_headless_shell-1228/chrome-headless-shell-mac-arm64/chrome-headless-shell --disable-field-trial-config --disable-background-networking --disable-background-timer-throttling --disable-backgrounding-occluded-windows --disable-back-forward-cache --disable-breakpad --disable-client-side-phishing-detection --disable-component-extensions-with-background-pages --disable-component-update --no-default-browser-check --disable-default-apps --disable-dev-shm-usage --disable-edgeupdater --disable-extensions --disable-features=AvoidUnnecessaryBeforeUnloadCheckSync,BoundaryEventDispatchTracksNodeRemoval,DestroyProfileOnBrowserClose,DialMediaRouteProvider,GlobalMediaControls,HttpsUpgrades,LensOverlay,MediaRouter,PaintHolding,ThirdPartyStoragePartitioning,Translate,AutoDeElevate,RenderDocument,OptimizationHints,msForceBrowserSignIn,msEdgeUpdateLaunchServicesPreferredVersion --enable-features=CDPScreenshotNewSurface --allow-pre-commit-input --disable-hang-monitor --disable-ipc-flooding-protection --disable-popup-blocking --disable-prompt-on-repost --disable-renderer-backgrounding --force-color-profile=srgb --metrics-recording-only --no-first-run --password-store=basic --use-mock-keychain --no-service-autorun --export-tagged-pdf --disable-search-engine-choice-screen --unsafely-disable-devtools-self-xss-warnings --edge-skip-compat-layer-relaunch --disable-infobars --disable-search-engine-choice-screen --disable-sync --enable-unsafe-swiftshader --headless --hide-scrollbars --mute-audio --blink-settings=primaryHoverType=2,availableHoverTypes=2,primaryPointerType=4,availablePointerTypes=4 --no-sandbox --user-data-dir=/tmp/playwright_chromiumdev_profile-RgSmdK --remote-debugging-pipe --no-startup-window
    <launched> pid=97532
    [pid=97532][err] [0714/175130.318497:ERROR:base/power_monitor/thermal_state_observer_mac.mm:140] ThermalStateObserverMac unable to register to power notifications. Result: 9
    [pid=97532][err] [0714/175130.319543:ERROR:net/dns/dns_config_service_posix.cc:138] DNS config watch failed to start.
    [pid=97532][err] [0714/175130.319829:FATAL:base/apple/mach_port_rendezvous_mac.cc:159] Check failed: kr == KERN_SUCCESS. bootstrap_check_in org.chromium.Chromium.MachPortRendezvousServer.97532: unknown error code (141)
    [pid=97532][err] [0714/175130.319830:WARNING:net/dns/dns_config_service_posix.cc:197] Failed to read DnsConfig.
    Call log:
      - <launching> /Users/hyunjun/Library/Caches/ms-playwright/chromium_headless_shell-1228/chrome-headless-shell-mac-arm64/chrome-headless-shell --disable-field-trial-config --disable-background-networking --disable-background-timer-throttling --disable-backgrounding-occluded-windows --disable-back-forward-cache --disable-breakpad --disable-client-side-phishing-detection --disable-component-extensions-with-background-pages --disable-component-update --no-default-browser-check --disable-default-apps --disable-dev-shm-usage --disable-edgeupdater --disable-extensions --disable-features=AvoidUnnecessaryBeforeUnloadCheckSync,BoundaryEventDispatchTracksNodeRemoval,DestroyProfileOnBrowserClose,DialMediaRouteProvider,GlobalMediaControls,HttpsUpgrades,LensOverlay,MediaRouter,PaintHolding,ThirdPartyStoragePartitioning,Translate,AutoDeElevate,RenderDocument,OptimizationHints,msForceBrowserSignIn,msEdgeUpdateLaunchServicesPreferredVersion --enable-features=CDPScreenshotNewSurface --allow-pre-commit-input --disable-hang-monitor --disable-ipc-flooding-protection --disable-popup-blocking --disable-prompt-on-repost --disable-renderer-backgrounding --force-color-profile=srgb --metrics-recording-only --no-first-run --password-store=basic --use-mock-keychain --no-service-autorun --export-tagged-pdf --disable-search-engine-choice-screen --unsafely-disable-devtools-self-xss-warnings --edge-skip-compat-layer-relaunch --disable-infobars --disable-search-engine-choice-screen --disable-sync --enable-unsafe-swiftshader --headless --hide-scrollbars --mute-audio --blink-settings=primaryHoverType=2,availableHoverTypes=2,primaryPointerType=4,availablePointerTypes=4 --no-sandbox --user-data-dir=/tmp/playwright_chromiumdev_profile-RgSmdK --remote-debugging-pipe --no-startup-window
      - <launched> pid=97532
      - [pid=97532][err] [0714/175130.318497:ERROR:base/power_monitor/thermal_state_observer_mac.mm:140] ThermalStateObserverMac unable to register to power notifications. Result: 9
      - [pid=97532][err] [0714/175130.319543:ERROR:net/dns/dns_config_service_posix.cc:138] DNS config watch failed to start.
      - [pid=97532][err] [0714/175130.319829:FATAL:base/apple/mach_port_rendezvous_mac.cc:159] Check failed: kr == KERN_SUCCESS. bootstrap_check_in org.chromium.Chromium.MachPortRendezvousServer.97532: unknown error code (141)
      - [pid=97532][err] [0714/175130.319830:WARNING:net/dns/dns_config_service_posix.cc:197] Failed to read DnsConfig.
      - [pid=97532] <gracefully close start>
      - [pid=97532] <kill>
      - [pid=97532] <will force kill>
      - [pid=97532] exception while trying to kill process: Error: kill EPERM
      - [pid=97532] <process did exit: exitCode=null, signal=SIGTRAP>
      - [pid=97532] starting temporary directories cleanup
      - [pid=97532] finished temporary directories cleanup
      - [pid=97532] <gracefully close end>


    Error Context: test-results/artifacts-failed-Artifact-actions-restore-keyboard-focus-desktop-1280/error-context.md

    attachment #2: trace (application/zip) ─────────────────────────────────────────────────────────
    test-results/artifacts-failed-Artifact-actions-restore-keyboard-focus-desktop-1280/trace.zip
    Usage:

        npx playwright show-trace test-results/artifacts-failed-Artifact-actions-restore-keyboard-focus-desktop-1280/trace.zip

    ────────────────────────────────────────────────────────────────────────────────────────────────

  27) [desktop-1280] › tests/e2e/artifacts.spec.ts:249:1 › unknown Artifact renders a non-disclosing state without actions 

    Error: browserType.launch: Target page, context or browser has been closed
    Browser logs:

    <launching> /Users/hyunjun/Library/Caches/ms-playwright/chromium_headless_shell-1228/chrome-headless-shell-mac-arm64/chrome-headless-shell --disable-field-trial-config --disable-background-networking --disable-background-timer-throttling --disable-backgrounding-occluded-windows --disable-back-forward-cache --disable-breakpad --disable-client-side-phishing-detection --disable-component-extensions-with-background-pages --disable-component-update --no-default-browser-check --disable-default-apps --disable-dev-shm-usage --disable-edgeupdater --disable-extensions --disable-features=AvoidUnnecessaryBeforeUnloadCheckSync,BoundaryEventDispatchTracksNodeRemoval,DestroyProfileOnBrowserClose,DialMediaRouteProvider,GlobalMediaControls,HttpsUpgrades,LensOverlay,MediaRouter,PaintHolding,ThirdPartyStoragePartitioning,Translate,AutoDeElevate,RenderDocument,OptimizationHints,msForceBrowserSignIn,msEdgeUpdateLaunchServicesPreferredVersion --enable-features=CDPScreenshotNewSurface --allow-pre-commit-input --disable-hang-monitor --disable-ipc-flooding-protection --disable-popup-blocking --disable-prompt-on-repost --disable-renderer-backgrounding --force-color-profile=srgb --metrics-recording-only --no-first-run --password-store=basic --use-mock-keychain --no-service-autorun --export-tagged-pdf --disable-search-engine-choice-screen --unsafely-disable-devtools-self-xss-warnings --edge-skip-compat-layer-relaunch --disable-infobars --disable-search-engine-choice-screen --disable-sync --enable-unsafe-swiftshader --headless --hide-scrollbars --mute-audio --blink-settings=primaryHoverType=2,availableHoverTypes=2,primaryPointerType=4,availablePointerTypes=4 --no-sandbox --user-data-dir=/tmp/playwright_chromiumdev_profile-Wyb5al --remote-debugging-pipe --no-startup-window
    <launched> pid=97566
    [pid=97566][err] [0714/175130.630080:ERROR:base/power_monitor/thermal_state_observer_mac.mm:140] ThermalStateObserverMac unable to register to power notifications. Result: 9
    [pid=97566][err] [0714/175130.631332:ERROR:net/dns/dns_config_service_posix.cc:138] DNS config watch failed to start.
    [pid=97566][err] [0714/175130.631595:WARNING:net/dns/dns_config_service_posix.cc:197] Failed to read DnsConfig.
    [pid=97566][err] [0714/175130.631695:FATAL:base/apple/mach_port_rendezvous_mac.cc:159] Check failed: kr == KERN_SUCCESS. bootstrap_check_in org.chromium.Chromium.MachPortRendezvousServer.97566: unknown error code (141)
    Call log:
      - <launching> /Users/hyunjun/Library/Caches/ms-playwright/chromium_headless_shell-1228/chrome-headless-shell-mac-arm64/chrome-headless-shell --disable-field-trial-config --disable-background-networking --disable-background-timer-throttling --disable-backgrounding-occluded-windows --disable-back-forward-cache --disable-breakpad --disable-client-side-phishing-detection --disable-component-extensions-with-background-pages --disable-component-update --no-default-browser-check --disable-default-apps --disable-dev-shm-usage --disable-edgeupdater --disable-extensions --disable-features=AvoidUnnecessaryBeforeUnloadCheckSync,BoundaryEventDispatchTracksNodeRemoval,DestroyProfileOnBrowserClose,DialMediaRouteProvider,GlobalMediaControls,HttpsUpgrades,LensOverlay,MediaRouter,PaintHolding,ThirdPartyStoragePartitioning,Translate,AutoDeElevate,RenderDocument,OptimizationHints,msForceBrowserSignIn,msEdgeUpdateLaunchServicesPreferredVersion --enable-features=CDPScreenshotNewSurface --allow-pre-commit-input --disable-hang-monitor --disable-ipc-flooding-protection --disable-popup-blocking --disable-prompt-on-repost --disable-renderer-backgrounding --force-color-profile=srgb --metrics-recording-only --no-first-run --password-store=basic --use-mock-keychain --no-service-autorun --export-tagged-pdf --disable-search-engine-choice-screen --unsafely-disable-devtools-self-xss-warnings --edge-skip-compat-layer-relaunch --disable-infobars --disable-search-engine-choice-screen --disable-sync --enable-unsafe-swiftshader --headless --hide-scrollbars --mute-audio --blink-settings=primaryHoverType=2,availableHoverTypes=2,primaryPointerType=4,availablePointerTypes=4 --no-sandbox --user-data-dir=/tmp/playwright_chromiumdev_profile-Wyb5al --remote-debugging-pipe --no-startup-window
      - <launched> pid=97566
      - [pid=97566][err] [0714/175130.630080:ERROR:base/power_monitor/thermal_state_observer_mac.mm:140] ThermalStateObserverMac unable to register to power notifications. Result: 9
      - [pid=97566][err] [0714/175130.631332:ERROR:net/dns/dns_config_service_posix.cc:138] DNS config watch failed to start.
      - [pid=97566][err] [0714/175130.631595:WARNING:net/dns/dns_config_service_posix.cc:197] Failed to read DnsConfig.
      - [pid=97566][err] [0714/175130.631695:FATAL:base/apple/mach_port_rendezvous_mac.cc:159] Check failed: kr == KERN_SUCCESS. bootstrap_check_in org.chromium.Chromium.MachPortRendezvousServer.97566: unknown error code (141)
      - [pid=97566] <gracefully close start>
      - [pid=97566] <kill>
      - [pid=97566] <will force kill>
      - [pid=97566] exception while trying to kill process: Error: kill EPERM
      - [pid=97566] <process did exit: exitCode=null, signal=SIGTRAP>
      - [pid=97566] starting temporary directories cleanup
      - [pid=97566] finished temporary directories cleanup
      - [pid=97566] <gracefully close end>


    Error Context: test-results/artifacts-unknown-Artifact-18bb7-osing-state-without-actions-desktop-1280/error-context.md

    attachment #2: trace (application/zip) ─────────────────────────────────────────────────────────
    test-results/artifacts-unknown-Artifact-18bb7-osing-state-without-actions-desktop-1280/trace.zip
    Usage:

        npx playwright show-trace test-results/artifacts-unknown-Artifact-18bb7-osing-state-without-actions-desktop-1280/trace.zip

    ────────────────────────────────────────────────────────────────────────────────────────────────

  28) [desktop-1280] › tests/e2e/artifacts.spec.ts:260:1 › Artifact library server failure stays distinct from not-found 

    Error: browserType.launch: Target page, context or browser has been closed
    Browser logs:

    <launching> /Users/hyunjun/Library/Caches/ms-playwright/chromium_headless_shell-1228/chrome-headless-shell-mac-arm64/chrome-headless-shell --disable-field-trial-config --disable-background-networking --disable-background-timer-throttling --disable-backgrounding-occluded-windows --disable-back-forward-cache --disable-breakpad --disable-client-side-phishing-detection --disable-component-extensions-with-background-pages --disable-component-update --no-default-browser-check --disable-default-apps --disable-dev-shm-usage --disable-edgeupdater --disable-extensions --disable-features=AvoidUnnecessaryBeforeUnloadCheckSync,BoundaryEventDispatchTracksNodeRemoval,DestroyProfileOnBrowserClose,DialMediaRouteProvider,GlobalMediaControls,HttpsUpgrades,LensOverlay,MediaRouter,PaintHolding,ThirdPartyStoragePartitioning,Translate,AutoDeElevate,RenderDocument,OptimizationHints,msForceBrowserSignIn,msEdgeUpdateLaunchServicesPreferredVersion --enable-features=CDPScreenshotNewSurface --allow-pre-commit-input --disable-hang-monitor --disable-ipc-flooding-protection --disable-popup-blocking --disable-prompt-on-repost --disable-renderer-backgrounding --force-color-profile=srgb --metrics-recording-only --no-first-run --password-store=basic --use-mock-keychain --no-service-autorun --export-tagged-pdf --disable-search-engine-choice-screen --unsafely-disable-devtools-self-xss-warnings --edge-skip-compat-layer-relaunch --disable-infobars --disable-search-engine-choice-screen --disable-sync --enable-unsafe-swiftshader --headless --hide-scrollbars --mute-audio --blink-settings=primaryHoverType=2,availableHoverTypes=2,primaryPointerType=4,availablePointerTypes=4 --no-sandbox --user-data-dir=/tmp/playwright_chromiumdev_profile-nhBEpB --remote-debugging-pipe --no-startup-window
    <launched> pid=97584
    [pid=97584][err] [0714/175130.936584:ERROR:base/power_monitor/thermal_state_observer_mac.mm:140] ThermalStateObserverMac unable to register to power notifications. Result: 9
    [pid=97584][err] [0714/175130.937846:ERROR:net/dns/dns_config_service_posix.cc:138] DNS config watch failed to start.
    [pid=97584][err] [0714/175130.938205:FATAL:base/apple/mach_port_rendezvous_mac.cc:159] Check failed: kr == KERN_SUCCESS. bootstrap_check_in org.chromium.Chromium.MachPortRendezvousServer.97584: unknown error code (141)
    Call log:
      - <launching> /Users/hyunjun/Library/Caches/ms-playwright/chromium_headless_shell-1228/chrome-headless-shell-mac-arm64/chrome-headless-shell --disable-field-trial-config --disable-background-networking --disable-background-timer-throttling --disable-backgrounding-occluded-windows --disable-back-forward-cache --disable-breakpad --disable-client-side-phishing-detection --disable-component-extensions-with-background-pages --disable-component-update --no-default-browser-check --disable-default-apps --disable-dev-shm-usage --disable-edgeupdater --disable-extensions --disable-features=AvoidUnnecessaryBeforeUnloadCheckSync,BoundaryEventDispatchTracksNodeRemoval,DestroyProfileOnBrowserClose,DialMediaRouteProvider,GlobalMediaControls,HttpsUpgrades,LensOverlay,MediaRouter,PaintHolding,ThirdPartyStoragePartitioning,Translate,AutoDeElevate,RenderDocument,OptimizationHints,msForceBrowserSignIn,msEdgeUpdateLaunchServicesPreferredVersion --enable-features=CDPScreenshotNewSurface --allow-pre-commit-input --disable-hang-monitor --disable-ipc-flooding-protection --disable-popup-blocking --disable-prompt-on-repost --disable-renderer-backgrounding --force-color-profile=srgb --metrics-recording-only --no-first-run --password-store=basic --use-mock-keychain --no-service-autorun --export-tagged-pdf --disable-search-engine-choice-screen --unsafely-disable-devtools-self-xss-warnings --edge-skip-compat-layer-relaunch --disable-infobars --disable-search-engine-choice-screen --disable-sync --enable-unsafe-swiftshader --headless --hide-scrollbars --mute-audio --blink-settings=primaryHoverType=2,availableHoverTypes=2,primaryPointerType=4,availablePointerTypes=4 --no-sandbox --user-data-dir=/tmp/playwright_chromiumdev_profile-nhBEpB --remote-debugging-pipe --no-startup-window
      - <launched> pid=97584
      - [pid=97584][err] [0714/175130.936584:ERROR:base/power_monitor/thermal_state_observer_mac.mm:140] ThermalStateObserverMac unable to register to power notifications. Result: 9
      - [pid=97584][err] [0714/175130.937846:ERROR:net/dns/dns_config_service_posix.cc:138] DNS config watch failed to start.
      - [pid=97584][err] [0714/175130.938205:FATAL:base/apple/mach_port_rendezvous_mac.cc:159] Check failed: kr == KERN_SUCCESS. bootstrap_check_in org.chromium.Chromium.MachPortRendezvousServer.97584: unknown error code (141)
      - [pid=97584] <gracefully close start>
      - [pid=97584] <kill>
      - [pid=97584] <will force kill>
      - [pid=97584] exception while trying to kill process: Error: kill EPERM
      - [pid=97584] <process did exit: exitCode=null, signal=SIGTRAP>
      - [pid=97584] starting temporary directories cleanup
      - [pid=97584] finished temporary directories cleanup
      - [pid=97584] <gracefully close end>


    Error Context: test-results/artifacts-Artifact-library-f28b9-ays-distinct-from-not-found-desktop-1280/error-context.md

    attachment #2: trace (application/zip) ─────────────────────────────────────────────────────────
    test-results/artifacts-Artifact-library-f28b9-ays-distinct-from-not-found-desktop-1280/trace.zip
    Usage:

        npx playwright show-trace test-results/artifacts-Artifact-library-f28b9-ays-distinct-from-not-found-desktop-1280/trace.zip

    ────────────────────────────────────────────────────────────────────────────────────────────────

  29) [desktop-1280] › tests/e2e/artifacts.spec.ts:272:1 › Artifact detail network failure has a connection error state 

    Error: browserType.launch: Target page, context or browser has been closed
    Browser logs:

    <launching> /Users/hyunjun/Library/Caches/ms-playwright/chromium_headless_shell-1228/chrome-headless-shell-mac-arm64/chrome-headless-shell --disable-field-trial-config --disable-background-networking --disable-background-timer-throttling --disable-backgrounding-occluded-windows --disable-back-forward-cache --disable-breakpad --disable-client-side-phishing-detection --disable-component-extensions-with-background-pages --disable-component-update --no-default-browser-check --disable-default-apps --disable-dev-shm-usage --disable-edgeupdater --disable-extensions --disable-features=AvoidUnnecessaryBeforeUnloadCheckSync,BoundaryEventDispatchTracksNodeRemoval,DestroyProfileOnBrowserClose,DialMediaRouteProvider,GlobalMediaControls,HttpsUpgrades,LensOverlay,MediaRouter,PaintHolding,ThirdPartyStoragePartitioning,Translate,AutoDeElevate,RenderDocument,OptimizationHints,msForceBrowserSignIn,msEdgeUpdateLaunchServicesPreferredVersion --enable-features=CDPScreenshotNewSurface --allow-pre-commit-input --disable-hang-monitor --disable-ipc-flooding-protection --disable-popup-blocking --disable-prompt-on-repost --disable-renderer-backgrounding --force-color-profile=srgb --metrics-recording-only --no-first-run --password-store=basic --use-mock-keychain --no-service-autorun --export-tagged-pdf --disable-search-engine-choice-screen --unsafely-disable-devtools-self-xss-warnings --edge-skip-compat-layer-relaunch --disable-infobars --disable-search-engine-choice-screen --disable-sync --enable-unsafe-swiftshader --headless --hide-scrollbars --mute-audio --blink-settings=primaryHoverType=2,availableHoverTypes=2,primaryPointerType=4,availablePointerTypes=4 --no-sandbox --user-data-dir=/tmp/playwright_chromiumdev_profile-Tze2Rl --remote-debugging-pipe --no-startup-window
    <launched> pid=97599
    [pid=97599][err] [0714/175131.246869:ERROR:base/power_monitor/thermal_state_observer_mac.mm:140] ThermalStateObserverMac unable to register to power notifications. Result: 9
    [pid=97599][err] [0714/175131.247990:ERROR:net/dns/dns_config_service_posix.cc:138] DNS config watch failed to start.
    [pid=97599][err] [0714/175131.248279:FATAL:base/apple/mach_port_rendezvous_mac.cc:159] Check failed: kr == KERN_SUCCESS. bootstrap_check_in org.chromium.Chromium.MachPortRendezvousServer.97599: unknown error code (141)
    [pid=97599][err] [0714/175131.248330:WARNING:net/dns/dns_config_service_posix.cc:197] Failed to read DnsConfig.
    Call log:
      - <launching> /Users/hyunjun/Library/Caches/ms-playwright/chromium_headless_shell-1228/chrome-headless-shell-mac-arm64/chrome-headless-shell --disable-field-trial-config --disable-background-networking --disable-background-timer-throttling --disable-backgrounding-occluded-windows --disable-back-forward-cache --disable-breakpad --disable-client-side-phishing-detection --disable-component-extensions-with-background-pages --disable-component-update --no-default-browser-check --disable-default-apps --disable-dev-shm-usage --disable-edgeupdater --disable-extensions --disable-features=AvoidUnnecessaryBeforeUnloadCheckSync,BoundaryEventDispatchTracksNodeRemoval,DestroyProfileOnBrowserClose,DialMediaRouteProvider,GlobalMediaControls,HttpsUpgrades,LensOverlay,MediaRouter,PaintHolding,ThirdPartyStoragePartitioning,Translate,AutoDeElevate,RenderDocument,OptimizationHints,msForceBrowserSignIn,msEdgeUpdateLaunchServicesPreferredVersion --enable-features=CDPScreenshotNewSurface --allow-pre-commit-input --disable-hang-monitor --disable-ipc-flooding-protection --disable-popup-blocking --disable-prompt-on-repost --disable-renderer-backgrounding --force-color-profile=srgb --metrics-recording-only --no-first-run --password-store=basic --use-mock-keychain --no-service-autorun --export-tagged-pdf --disable-search-engine-choice-screen --unsafely-disable-devtools-self-xss-warnings --edge-skip-compat-layer-relaunch --disable-infobars --disable-search-engine-choice-screen --disable-sync --enable-unsafe-swiftshader --headless --hide-scrollbars --mute-audio --blink-settings=primaryHoverType=2,availableHoverTypes=2,primaryPointerType=4,availablePointerTypes=4 --no-sandbox --user-data-dir=/tmp/playwright_chromiumdev_profile-Tze2Rl --remote-debugging-pipe --no-startup-window
      - <launched> pid=97599
      - [pid=97599][err] [0714/175131.246869:ERROR:base/power_monitor/thermal_state_observer_mac.mm:140] ThermalStateObserverMac unable to register to power notifications. Result: 9
      - [pid=97599][err] [0714/175131.247990:ERROR:net/dns/dns_config_service_posix.cc:138] DNS config watch failed to start.
      - [pid=97599][err] [0714/175131.248279:FATAL:base/apple/mach_port_rendezvous_mac.cc:159] Check failed: kr == KERN_SUCCESS. bootstrap_check_in org.chromium.Chromium.MachPortRendezvousServer.97599: unknown error code (141)
      - [pid=97599][err] [0714/175131.248330:WARNING:net/dns/dns_config_service_posix.cc:197] Failed to read DnsConfig.
      - [pid=97599] <gracefully close start>
      - [pid=97599] <kill>
      - [pid=97599] <will force kill>
      - [pid=97599] exception while trying to kill process: Error: kill EPERM
      - [pid=97599] <process did exit: exitCode=null, signal=SIGTRAP>
      - [pid=97599] starting temporary directories cleanup
      - [pid=97599] finished temporary directories cleanup
      - [pid=97599] <gracefully close end>


    Error Context: test-results/artifacts-Artifact-detail--bd9a2-as-a-connection-error-state-desktop-1280/error-context.md

    attachment #2: trace (application/zip) ─────────────────────────────────────────────────────────
    test-results/artifacts-Artifact-detail--bd9a2-as-a-connection-error-state-desktop-1280/trace.zip
    Usage:

        npx playwright show-trace test-results/artifacts-Artifact-detail--bd9a2-as-a-connection-error-state-desktop-1280/trace.zip

    ────────────────────────────────────────────────────────────────────────────────────────────────

  30) [desktop-1280] › tests/e2e/artifacts.spec.ts:282:1 › authentication failure has an explicit session state 

    Error: browserType.launch: Target page, context or browser has been closed
    Browser logs:

    <launching> /Users/hyunjun/Library/Caches/ms-playwright/chromium_headless_shell-1228/chrome-headless-shell-mac-arm64/chrome-headless-shell --disable-field-trial-config --disable-background-networking --disable-background-timer-throttling --disable-backgrounding-occluded-windows --disable-back-forward-cache --disable-breakpad --disable-client-side-phishing-detection --disable-component-extensions-with-background-pages --disable-component-update --no-default-browser-check --disable-default-apps --disable-dev-shm-usage --disable-edgeupdater --disable-extensions --disable-features=AvoidUnnecessaryBeforeUnloadCheckSync,BoundaryEventDispatchTracksNodeRemoval,DestroyProfileOnBrowserClose,DialMediaRouteProvider,GlobalMediaControls,HttpsUpgrades,LensOverlay,MediaRouter,PaintHolding,ThirdPartyStoragePartitioning,Translate,AutoDeElevate,RenderDocument,OptimizationHints,msForceBrowserSignIn,msEdgeUpdateLaunchServicesPreferredVersion --enable-features=CDPScreenshotNewSurface --allow-pre-commit-input --disable-hang-monitor --disable-ipc-flooding-protection --disable-popup-blocking --disable-prompt-on-repost --disable-renderer-backgrounding --force-color-profile=srgb --metrics-recording-only --no-first-run --password-store=basic --use-mock-keychain --no-service-autorun --export-tagged-pdf --disable-search-engine-choice-screen --unsafely-disable-devtools-self-xss-warnings --edge-skip-compat-layer-relaunch --disable-infobars --disable-search-engine-choice-screen --disable-sync --enable-unsafe-swiftshader --headless --hide-scrollbars --mute-audio --blink-settings=primaryHoverType=2,availableHoverTypes=2,primaryPointerType=4,availablePointerTypes=4 --no-sandbox --user-data-dir=/tmp/playwright_chromiumdev_profile-yieJ9t --remote-debugging-pipe --no-startup-window
    <launched> pid=97624
    [pid=97624][err] [0714/175131.563037:ERROR:base/power_monitor/thermal_state_observer_mac.mm:140] ThermalStateObserverMac unable to register to power notifications. Result: 9
    [pid=97624][err] [0714/175131.564312:ERROR:net/dns/dns_config_service_posix.cc:138] DNS config watch failed to start.
    [pid=97624][err] [0714/175131.564596:WARNING:net/dns/dns_config_service_posix.cc:197] Failed to read DnsConfig.
    [pid=97624][err] [0714/175131.564624:FATAL:base/apple/mach_port_rendezvous_mac.cc:159] Check failed: kr == KERN_SUCCESS. bootstrap_check_in org.chromium.Chromium.MachPortRendezvousServer.97624: unknown error code (141)
    Call log:
      - <launching> /Users/hyunjun/Library/Caches/ms-playwright/chromium_headless_shell-1228/chrome-headless-shell-mac-arm64/chrome-headless-shell --disable-field-trial-config --disable-background-networking --disable-background-timer-throttling --disable-backgrounding-occluded-windows --disable-back-forward-cache --disable-breakpad --disable-client-side-phishing-detection --disable-component-extensions-with-background-pages --disable-component-update --no-default-browser-check --disable-default-apps --disable-dev-shm-usage --disable-edgeupdater --disable-extensions --disable-features=AvoidUnnecessaryBeforeUnloadCheckSync,BoundaryEventDispatchTracksNodeRemoval,DestroyProfileOnBrowserClose,DialMediaRouteProvider,GlobalMediaControls,HttpsUpgrades,LensOverlay,MediaRouter,PaintHolding,ThirdPartyStoragePartitioning,Translate,AutoDeElevate,RenderDocument,OptimizationHints,msForceBrowserSignIn,msEdgeUpdateLaunchServicesPreferredVersion --enable-features=CDPScreenshotNewSurface --allow-pre-commit-input --disable-hang-monitor --disable-ipc-flooding-protection --disable-popup-blocking --disable-prompt-on-repost --disable-renderer-backgrounding --force-color-profile=srgb --metrics-recording-only --no-first-run --password-store=basic --use-mock-keychain --no-service-autorun --export-tagged-pdf --disable-search-engine-choice-screen --unsafely-disable-devtools-self-xss-warnings --edge-skip-compat-layer-relaunch --disable-infobars --disable-search-engine-choice-screen --disable-sync --enable-unsafe-swiftshader --headless --hide-scrollbars --mute-audio --blink-settings=primaryHoverType=2,availableHoverTypes=2,primaryPointerType=4,availablePointerTypes=4 --no-sandbox --user-data-dir=/tmp/playwright_chromiumdev_profile-yieJ9t --remote-debugging-pipe --no-startup-window
      - <launched> pid=97624
      - [pid=97624][err] [0714/175131.563037:ERROR:base/power_monitor/thermal_state_observer_mac.mm:140] ThermalStateObserverMac unable to register to power notifications. Result: 9
      - [pid=97624][err] [0714/175131.564312:ERROR:net/dns/dns_config_service_posix.cc:138] DNS config watch failed to start.
      - [pid=97624][err] [0714/175131.564596:WARNING:net/dns/dns_config_service_posix.cc:197] Failed to read DnsConfig.
      - [pid=97624][err] [0714/175131.564624:FATAL:base/apple/mach_port_rendezvous_mac.cc:159] Check failed: kr == KERN_SUCCESS. bootstrap_check_in org.chromium.Chromium.MachPortRendezvousServer.97624: unknown error code (141)
      - [pid=97624] <gracefully close start>
      - [pid=97624] <kill>
      - [pid=97624] <will force kill>
      - [pid=97624] exception while trying to kill process: Error: kill EPERM
      - [pid=97624] <process did exit: exitCode=null, signal=SIGTRAP>
      - [pid=97624] starting temporary directories cleanup
      - [pid=97624] finished temporary directories cleanup
      - [pid=97624] <gracefully close end>


    Error Context: test-results/artifacts-authentication-f-2b3d8-s-an-explicit-session-state-desktop-1280/error-context.md

    attachment #2: trace (application/zip) ─────────────────────────────────────────────────────────
    test-results/artifacts-authentication-f-2b3d8-s-an-explicit-session-state-desktop-1280/trace.zip
    Usage:

        npx playwright show-trace test-results/artifacts-authentication-f-2b3d8-s-an-explicit-session-state-desktop-1280/trace.zip

    ────────────────────────────────────────────────────────────────────────────────────────────────

  30 failed
    [mobile-375] › tests/e2e/artifacts.spec.ts:26:1 › keyboard flow preserves explicit versions and isolated preview 
    [mobile-375] › tests/e2e/artifacts.spec.ts:120:1 › library opens passive CSV PNG and PDF histories 
    [mobile-375] › tests/e2e/artifacts.spec.ts:135:1 › latest overlapping Version selection wins ───
    [mobile-375] › tests/e2e/artifacts.spec.ts:175:1 › stale Version failure cannot overwrite the latest success 
    [mobile-375] › tests/e2e/artifacts.spec.ts:202:1 › Artifact mutation locks Version selection until the side effect settles 
    [mobile-375] › tests/e2e/artifacts.spec.ts:227:1 › failed Artifact actions restore keyboard focus 
    [mobile-375] › tests/e2e/artifacts.spec.ts:249:1 › unknown Artifact renders a non-disclosing state without actions 
    [mobile-375] › tests/e2e/artifacts.spec.ts:260:1 › Artifact library server failure stays distinct from not-found 
    [mobile-375] › tests/e2e/artifacts.spec.ts:272:1 › Artifact detail network failure has a connection error state 
    [mobile-375] › tests/e2e/artifacts.spec.ts:282:1 › authentication failure has an explicit session state 
    [tablet-768] › tests/e2e/artifacts.spec.ts:26:1 › keyboard flow preserves explicit versions and isolated preview 
    [tablet-768] › tests/e2e/artifacts.spec.ts:120:1 › library opens passive CSV PNG and PDF histories 
    [tablet-768] › tests/e2e/artifacts.spec.ts:135:1 › latest overlapping Version selection wins ───
    [tablet-768] › tests/e2e/artifacts.spec.ts:175:1 › stale Version failure cannot overwrite the latest success 
    [tablet-768] › tests/e2e/artifacts.spec.ts:202:1 › Artifact mutation locks Version selection until the side effect settles 
    [tablet-768] › tests/e2e/artifacts.spec.ts:227:1 › failed Artifact actions restore keyboard focus 
    [tablet-768] › tests/e2e/artifacts.spec.ts:249:1 › unknown Artifact renders a non-disclosing state without actions 
    [tablet-768] › tests/e2e/artifacts.spec.ts:260:1 › Artifact library server failure stays distinct from not-found 
    [tablet-768] › tests/e2e/artifacts.spec.ts:272:1 › Artifact detail network failure has a connection error state 
    [tablet-768] › tests/e2e/artifacts.spec.ts:282:1 › authentication failure has an explicit session state 
    [desktop-1280] › tests/e2e/artifacts.spec.ts:26:1 › keyboard flow preserves explicit versions and isolated preview 
    [desktop-1280] › tests/e2e/artifacts.spec.ts:120:1 › library opens passive CSV PNG and PDF histories 
    [desktop-1280] › tests/e2e/artifacts.spec.ts:135:1 › latest overlapping Version selection wins ─
    [desktop-1280] › tests/e2e/artifacts.spec.ts:175:1 › stale Version failure cannot overwrite the latest success 
    [desktop-1280] › tests/e2e/artifacts.spec.ts:202:1 › Artifact mutation locks Version selection until the side effect settles 
    [desktop-1280] › tests/e2e/artifacts.spec.ts:227:1 › failed Artifact actions restore keyboard focus 
    [desktop-1280] › tests/e2e/artifacts.spec.ts:249:1 › unknown Artifact renders a non-disclosing state without actions 
    [desktop-1280] › tests/e2e/artifacts.spec.ts:260:1 › Artifact library server failure stays distinct from not-found 
    [desktop-1280] › tests/e2e/artifacts.spec.ts:272:1 › Artifact detail network failure has a connection error state 
    [desktop-1280] › tests/e2e/artifacts.spec.ts:282:1 › authentication failure has an explicit session state 
make: *** [test-e2e-artifacts] Error 1
